{"SER_NUM": 12, "VEH_NUM": 3, "c_1": 7, "c_2": 0.08, "c_3": 550, "c_4": 1.2, "phi_0": 0.0002, "yita": 0.0004, "omega": 60, "Q": 5400, "Q_h": 45, "M": 444444, "N_s": ["1", "2", "3", "4", "5", "6", "7", "8", "9", "10", "11", "12"], "N": ["0", "1", "2", "3", "4", "5", "6", "7", "8", "9", "10", "11", "12"], "K": ["1", "2", "3"], "ser_node": [9, 17, 22, 37, 38, 43, 50, 51, 53, 67, 68, 69], "ser_class": ["HS", "HS", "HS", "GS", "GS", "GS", "CS", "CS", "CS", "CS", "CS", "CS"], "d_h_i": {"1": 3.0, "2": 4.0, "3": 4.0, "4": 0, "5": 0, "6": 0, "7": 4.0, "8": 3.0, "9": 4.0, "10": 4.0, "11": 5.0, "12": 4.0}, "p_h_i": {"1": 4.0, "2": 5.0, "3": 5.0, "4": 0, "5": 0, "6": 0, "7": 4.0, "8": 3.0, "9": 3.0, "10": 4.0, "11": 2.0, "12": 3.0}, "d_g_i": {"1": 0, "2": 0, "3": 0, "4": 272.0, "5": 257.0, "6": 215.0, "7": 241.0, "8": 194.0, "9": 325.0, "10": 303.0, "11": 146.0, "12": 304.0}, "p_g_i": {"1": 0, "2": 0, "3": 0, "4": 209.0, "5": 214.0, "6": 194.0, "7": 245.0, "8": 150.0, "9": 263.0, "10": 279.0, "11": 259.0, "12": 185.0}, "D_h": 35.0, "P_h": 33.0, "D_g": 2257.0, "P_g": 1998.0, "s_i": {"0": 0, "1": 0, "2": 5, "3": 1, "4": 10, "5": 11, "6": 2, "7": 16, "8": 12, "9": 0, "10": 14, "11": 10, "12": 18}, "a_i": {"1": 48.142900000000004, "2": 0, "3": 48.142900000000004, "4": 0, "5": 48.142900000000004, "6": 0, "7": 48.142900000000004, "8": 0, "9": 0, "10": 0, "11": 48.142900000000004, "12": 48.142900000000004}, "b_i": {"1": 481.42900000000003, "2": 433.28610000000003, "3": 481.42900000000003, "4": 433.28610000000003, "5": 481.42900000000003, "6": 433.28610000000003, "7": 481.42900000000003, "8": 433.28610000000003, "9": 433.28610000000003, "10": 433.28610000000003, "11": 481.42900000000003, "12": 481.42900000000003}, "delta_ij": [[0.0, 8.404, 2.219, 3.377, 8.713, 0.97, 0.946, 6.487, 5.88, 4.865, 6.703, 19.447, 9.845], [7.564, 0.0, 8.864, 5.369, 7.344, 8.917, 9.619, 6.867, 4.178, 3.937, 4.479, 14.619, 6.65], [2.282, 8.955, 0.0, 7.699, 13.485, 5.823, 2.661, 7.473, 6.411, 5.416, 10.463, 22.123, 10.396], [3.676, 5.477, 5.67, 0.0, 5.964, 3.855, 4.147, 7.738, 2.399, 3.372, 2.927, 16.072, 8.427], [9.226, 7.35, 10.819, 6.018, 0.0, 7.746, 8.448, 12.386, 5.501, 9.16, 3.457, 11.407, 13.678], [0.971, 8.517, 3.156, 3.855, 7.745, 0.0, 0.562, 7.062, 5.819, 4.978, 5.492, 19.429, 9.958], [0.946, 8.756, 2.837, 4.143, 8.446, 0.561, 0.0, 7.274, 6.52, 5.203, 6.193, 20.13, 10.197], [6.115, 6.853, 7.387, 7.679, 12.374, 7.079, 7.279, 0.0, 8.171, 5.008, 9.326, 20.956, 3.887], [5.022, 4.045, 6.333, 2.393, 5.57, 5.847, 6.549, 7.68, 0.0, 3.729, 2.488, 14.139, 8.353], [3.947, 4.365, 5.247, 3.291, 9.903, 4.911, 5.139, 4.746, 3.861, 0.0, 6.821, 17.654, 5.435], [6.39, 4.527, 8.49, 2.969, 3.071, 5.542, 6.244, 9.388, 2.503, 6.118, 0.0, 13.879, 10.061], [18.792, 13.846, 20.103, 16.099, 11.842, 19.398, 20.1, 19.845, 14.116, 16.915, 14.304, 0.0, 21.644], [8.992, 6.651, 10.292, 8.361, 13.676, 9.956, 10.184, 3.849, 8.567, 5.69, 9.993, 20.929, 0.0]], "t_ij": [[0.0, 22.1, 7.683, 13.1, 19.267, 3.683, 3.517, 15.917, 14.0, 13.3, 15.567, 32.95, 19.467], [21.15, 0.0, 20.683, 14.433, 12.383, 20.617, 22.117, 15.167, 10.533, 11.0, 11.333, 21.3, 14.717], [8.533, 22.55, 0.0, 19.617, 24.367, 11.917, 9.75, 17.933, 18.317, 15.133, 23.067, 37.033, 20.767], [11.317, 15.467, 17.017, 0.0, 11.817, 10.583, 12.333, 16.733, 7.2, 10.95, 7.283, 24.7, 16.383], [17.517, 12.017, 21.017, 11.417, 0.0, 14.417, 15.9, 24.05, 11.517, 17.15, 7.5, 17.983, 21.717], [3.367, 21.433, 7.883, 10.75, 14.433, 0.0, 2.083, 16.917, 12.767, 13.85, 11.4, 28.833, 19.383], [3.333, 21.567, 8.2, 10.967, 16.667, 2.017, 0.0, 15.783, 15.45, 14.25, 13.933, 31.283, 19.35], [13.65, 17.0, 13.417, 17.017, 23.217, 16.083, 15.533, 0.0, 16.883, 9.65, 19.367, 32.283, 7.367], [13.917, 10.733, 17.333, 7.317, 10.717, 12.017, 13.483, 15.0, 0.0, 8.133, 4.9, 19.25, 15.35], [11.65, 12.183, 11.75, 11.05, 17.433, 14.433, 13.467, 9.367, 10.9, 0.0, 13.467, 28.0, 9.85], [14.5, 11.333, 20.217, 7.833, 7.3, 11.45, 12.733, 16.917, 7.417, 12.45, 0.0, 18.35, 16.767], [28.417, 19.983, 31.333, 23.267, 16.05, 27.25, 28.483, 28.917, 19.4, 24.967, 20.0, 0.0, 28.283], [16.5, 14.033, 16.733, 16.517, 21.1, 18.183, 18.867, 6.917, 15.9, 10.133, 18.933, 29.333, 0.0]]}