{"SER_NUM": 12, "VEH_NUM": 3, "c_1": 7, "c_2": 0.08, "c_3": 550, "c_4": 1.2, "phi_0": 0.0002, "yita": 0.0004, "omega": 60, "Q": 5400, "Q_h": 45, "M": 444444, "N_s": ["1", "2", "3", "4", "5", "6", "7", "8", "9", "10", "11", "12"], "N": ["0", "1", "2", "3", "4", "5", "6", "7", "8", "9", "10", "11", "12"], "K": ["1", "2", "3"], "ser_node": [15, 19, 20, 25, 43, 46, 50, 58, 59, 60, 63, 66], "ser_class": ["HS", "HS", "HS", "GS", "GS", "GS", "CS", "CS", "CS", "CS", "CS", "CS"], "d_h_i": {"1": 4.0, "2": 4.0, "3": 5.0, "4": 0, "5": 0, "6": 0, "7": 4.0, "8": 3.0, "9": 4.0, "10": 4.0, "11": 4.0, "12": 4.0}, "p_h_i": {"1": 3.0, "2": 4.0, "3": 3.0, "4": 0, "5": 0, "6": 0, "7": 4.0, "8": 4.0, "9": 5.0, "10": 3.0, "11": 4.0, "12": 3.0}, "d_g_i": {"1": 0, "2": 0, "3": 0, "4": 265.0, "5": 259.0, "6": 229.0, "7": 227.0, "8": 202.0, "9": 246.0, "10": 195.0, "11": 200.0, "12": 262.0}, "p_g_i": {"1": 0, "2": 0, "3": 0, "4": 207.0, "5": 212.0, "6": 229.0, "7": 216.0, "8": 242.0, "9": 192.0, "10": 216.0, "11": 196.0, "12": 131.0}, "D_h": 36.0, "P_h": 33.0, "D_g": 2085.0, "P_g": 1841.0, "s_i": {"0": 0, "1": 5, "2": 3, "3": 0, "4": 15, "5": 13, "6": 15, "7": 4, "8": 13, "9": 7, "10": 16, "11": 16, "12": 8}, "a_i": {"1": 0, "2": 47.71000000000001, "3": 0, "4": 0, "5": 47.71000000000001, "6": 47.71000000000001, "7": 47.71000000000001, "8": 0, "9": 47.71000000000001, "10": 0, "11": 47.71000000000001, "12": 0}, "b_i": {"1": 429.39000000000004, "2": 477.1, "3": 429.39000000000004, "4": 429.39000000000004, "5": 477.1, "6": 477.1, "7": 477.1, "8": 429.39000000000004, "9": 477.1, "10": 429.39000000000004, "11": 477.1, "12": 429.39000000000004}, "delta_ij": [[0.0, 0.825, 21.209, 3.86, 3.036, 0.946, 3.204, 6.487, 3.675, 4.471, 5.588, 7.459, 3.869], [0.825, 0.0, 20.283, 2.884, 2.06, 1.184, 2.021, 6.017, 2.699, 3.495, 3.964, 6.483, 2.893], [20.374, 20.369, 0.0, 18.199, 19.269, 21.987, 18.808, 20.787, 19.364, 17.866, 16.346, 14.244, 19.091], [3.135, 2.267, 18.357, 0.0, 2.111, 3.535, 0.729, 6.459, 2.29, 1.614, 1.952, 4.557, 1.796], [2.148, 2.069, 19.297, 1.945, 0.0, 3.013, 2.564, 4.147, 0.639, 1.541, 3.626, 5.497, 0.833], [0.946, 1.184, 22.048, 4.154, 3.313, 0.0, 3.291, 7.274, 3.969, 4.765, 5.882, 7.753, 4.163], [2.383, 1.57, 18.786, 1.438, 2.274, 2.921, 0.0, 6.231, 2.913, 2.121, 2.499, 5.063, 2.303], [6.115, 6.036, 20.771, 6.276, 4.157, 7.279, 6.77, 0.0, 4.649, 5.872, 7.697, 8.742, 4.99], [2.804, 2.725, 19.057, 1.705, 0.656, 3.669, 2.324, 4.803, 0.0, 1.301, 3.386, 5.257, 0.593], [3.689, 3.617, 17.878, 1.448, 1.541, 4.443, 2.067, 5.889, 1.72, 0.0, 2.862, 4.644, 1.226], [5.258, 3.982, 16.772, 3.041, 3.663, 6.005, 2.393, 8.161, 4.29, 3.352, 0.0, 2.972, 3.796], [6.651, 6.601, 14.321, 4.476, 5.863, 8.031, 5.085, 8.83, 5.725, 4.732, 2.623, 0.0, 5.231], [2.981, 2.902, 18.982, 1.63, 0.833, 3.846, 2.249, 4.98, 1.012, 1.226, 3.311, 5.182, 0.0]], "t_ij": [[0.0, 3.9, 36.7, 10.467, 8.933, 3.517, 9.583, 15.917, 11.4, 11.367, 13.217, 16.467, 11.467], [3.033, 0.0, 33.417, 9.15, 7.767, 4.617, 7.7, 15.317, 9.783, 10.3, 11.833, 15.167, 9.9], [35.05, 33.567, 0.0, 29.333, 31.783, 33.067, 30.45, 32.3, 31.183, 27.75, 26.1, 21.5, 31.25], [10.05, 7.183, 29.55, 0.0, 7.283, 10.467, 2.25, 14.217, 7.667, 4.917, 7.3, 10.683, 7.133], [7.617, 7.317, 31.533, 7.167, 0.0, 9.933, 7.233, 9.317, 2.6, 4.017, 10.117, 12.783, 2.65], [3.333, 4.65, 33.333, 11.167, 10.333, 0.0, 9.567, 15.783, 12.233, 12.25, 14.667, 17.783, 12.217], [9.133, 4.783, 30.183, 7.533, 7.433, 8.9, 0.0, 14.667, 9.417, 7.883, 8.583, 11.583, 9.3], [13.65, 13.7, 34.2, 13.567, 8.767, 15.533, 14.4, 0.0, 9.967, 11.983, 15.6, 17.85, 10.767], [8.633, 9.15, 29.583, 7.283, 2.417, 11.683, 7.367, 10.867, 0.0, 3.95, 9.133, 11.7, 2.683], [10.333, 9.583, 26.8, 4.683, 4.067, 13.733, 6.983, 10.9, 4.967, 0.0, 7.133, 9.267, 3.833], [13.833, 10.8, 25.017, 8.533, 11.1, 14.017, 7.383, 16.15, 12.0, 7.45, 0.0, 7.4, 11.15], [15.033, 13.483, 20.817, 10.05, 12.333, 16.3, 11.183, 16.867, 13.467, 8.317, 7.267, 0.0, 12.317], [9.233, 9.25, 28.367, 7.117, 2.933, 11.983, 7.3, 11.517, 3.917, 3.417, 8.633, 11.567, 0.0]]}