{"SER_NUM": 12, "VEH_NUM": 3, "c_1": 7, "c_2": 0.08, "c_3": 550, "c_4": 1.2, "phi_0": 0.0002, "yita": 0.0004, "omega": 60, "Q": 5400, "Q_h": 45, "M": 444444, "N_s": ["1", "2", "3", "4", "5", "6", "7", "8", "9", "10", "11", "12"], "N": ["0", "1", "2", "3", "4", "5", "6", "7", "8", "9", "10", "11", "12"], "K": ["1", "2", "3"], "ser_node": [4, 10, 15, 37, 41, 42, 51, 56, 57, 64, 65, 69], "ser_class": ["HS", "HS", "HS", "GS", "GS", "GS", "CS", "CS", "CS", "CS", "CS", "CS"], "d_h_i": {"1": 3.0, "2": 4.0, "3": 3.0, "4": 0, "5": 0, "6": 0, "7": 4.0, "8": 4.0, "9": 5.0, "10": 3.0, "11": 4.0, "12": 4.0}, "p_h_i": {"1": 4.0, "2": 4.0, "3": 3.0, "4": 0, "5": 0, "6": 0, "7": 3.0, "8": 4.0, "9": 4.0, "10": 3.0, "11": 3.0, "12": 3.0}, "d_g_i": {"1": 0, "2": 0, "3": 0, "4": 267.0, "5": 160.0, "6": 208.0, "7": 298.0, "8": 285.0, "9": 305.0, "10": 206.0, "11": 250.0, "12": 141.0}, "p_g_i": {"1": 0, "2": 0, "3": 0, "4": 160.0, "5": 222.0, "6": 279.0, "7": 208.0, "8": 271.0, "9": 168.0, "10": 155.0, "11": 189.0, "12": 264.0}, "D_h": 34.0, "P_h": 31.0, "D_g": 2120.0, "P_g": 1916.0, "s_i": {"0": 0, "1": 5, "2": 5, "3": 1, "4": 13, "5": 4, "6": 12, "7": 12, "8": 12, "9": 18, "10": 3, "11": 11, "12": 3}, "a_i": {"1": 0, "2": 0, "3": 0, "4": 0, "5": 0, "6": 41.252900000000004, "7": 41.252900000000004, "8": 41.252900000000004, "9": 41.252900000000004, "10": 41.252900000000004, "11": 41.252900000000004, "12": 0}, "b_i": {"1": 371.2761, "2": 371.2761, "3": 371.2761, "4": 371.2761, "5": 371.2761, "6": 412.529, "7": 412.529, "8": 412.529, "9": 412.529, "10": 412.529, "11": 412.529, "12": 371.2761}, "delta_ij": [[0.0, 10.758, 1.426, 0.825, 8.713, 1.194, 3.377, 5.88, 19.045, 1.8, 2.543, 11.134, 9.845], [10.352, 0.0, 8.92, 10.336, 9.804, 9.158, 8.569, 6.532, 15.742, 12.529, 8.599, 2.51, 4.311], [1.823, 9.015, 0.0, 2.457, 9.728, 1.342, 3.307, 4.617, 17.832, 3.056, 3.203, 9.284, 7.995], [0.825, 10.334, 2.448, 0.0, 7.888, 2.019, 1.6, 4.904, 18.119, 2.205, 1.718, 10.202, 8.913], [9.226, 9.704, 9.671, 7.882, 0.0, 8.972, 6.976, 5.501, 10.829, 9.004, 7.002, 11.877, 13.678], [1.194, 10.116, 2.291, 1.333, 8.977, 0.0, 2.183, 4.686, 17.901, 2.913, 2.213, 9.984, 8.695], [2.518, 8.876, 3.146, 2.054, 7.027, 2.392, 0.0, 3.446, 16.661, 4.345, 0.332, 8.905, 7.616], [5.022, 6.399, 4.646, 5.046, 5.57, 3.828, 3.651, 0.0, 13.561, 7.105, 3.681, 7.499, 8.353], [18.267, 15.73, 17.891, 18.251, 11.317, 17.073, 16.897, 13.591, 0.0, 20.231, 16.834, 17.858, 20.048], [1.55, 12.279, 2.813, 2.284, 8.75, 2.666, 3.655, 6.824, 19.923, 0.0, 3.609, 12.542, 10.801], [2.542, 9.064, 3.154, 1.526, 7.0, 2.632, 0.326, 3.634, 16.745, 3.817, 0.0, 9.093, 7.804], [10.176, 2.509, 9.178, 10.097, 11.873, 8.982, 8.947, 7.549, 17.811, 12.573, 8.977, 0.0, 3.126], [8.992, 4.312, 7.994, 8.913, 13.676, 7.798, 7.763, 8.567, 19.614, 11.252, 7.793, 3.694, 0.0]], "t_ij": [[0.0, 26.95, 6.983, 3.9, 19.267, 2.95, 10.217, 14.0, 31.733, 7.2, 10.733, 23.117, 19.467], [25.95, 0.0, 23.6, 24.55, 15.0, 22.333, 22.2, 15.1, 22.917, 28.183, 21.95, 7.55, 10.633], [7.717, 23.333, 0.0, 7.4, 19.95, 4.65, 10.65, 12.433, 29.15, 10.433, 10.35, 20.2, 16.45], [3.033, 24.233, 8.883, 0.0, 15.367, 7.217, 7.433, 12.617, 29.283, 7.517, 7.3, 22.167, 18.183], [17.517, 16.233, 20.533, 15.333, 0.0, 19.45, 12.867, 11.517, 15.95, 17.317, 13.45, 19.417, 21.717], [2.967, 21.417, 7.2, 3.433, 16.85, 0.0, 7.4, 11.55, 26.7, 8.9, 7.333, 20.3, 16.433], [8.3, 19.2, 9.583, 7.3, 14.183, 9.667, 0.0, 8.733, 23.6, 11.35, 1.617, 18.767, 15.05], [13.917, 15.233, 13.4, 11.75, 10.717, 10.967, 8.967, 0.0, 18.15, 15.033, 8.75, 15.883, 15.35], [28.9, 23.167, 27.983, 27.95, 15.583, 26.0, 25.417, 18.6, 0.0, 29.867, 24.9, 26.383, 28.417], [4.65, 24.233, 8.75, 7.3, 15.283, 7.6, 9.3, 14.083, 28.5, 0.0, 9.583, 23.567, 20.55], [7.883, 19.367, 9.85, 4.433, 13.15, 9.7, 1.533, 9.117, 23.367, 9.2, 0.0, 18.667, 16.533], [19.583, 7.633, 17.9, 19.267, 18.8, 16.65, 17.95, 14.683, 25.65, 22.233, 17.767, 0.0, 7.383], [16.5, 10.1, 14.417, 16.467, 21.1, 13.717, 15.167, 15.9, 28.267, 18.833, 15.017, 7.383, 0.0]]}