{"SER_NUM": 12, "VEH_NUM": 3, "c_1": 7, "c_2": 0.08, "c_3": 550, "c_4": 1.2, "phi_0": 0.0002, "yita": 0.0004, "omega": 60, "Q": 5400, "Q_h": 45, "M": 444444, "N_s": ["1", "2", "3", "4", "5", "6", "7", "8", "9", "10", "11", "12"], "N": ["0", "1", "2", "3", "4", "5", "6", "7", "8", "9", "10", "11", "12"], "K": ["1", "2", "3"], "ser_node": [4, 17, 23, 28, 43, 44, 59, 65, 67, 68, 70, 71], "ser_class": ["HS", "HS", "HS", "GS", "GS", "GS", "CS", "CS", "CS", "CS", "CS", "CS"], "d_h_i": {"1": 5.0, "2": 3.0, "3": 4.0, "4": 0, "5": 0, "6": 0, "7": 4.0, "8": 4.0, "9": 2.0, "10": 3.0, "11": 4.0, "12": 4.0}, "p_h_i": {"1": 3.0, "2": 2.0, "3": 3.0, "4": 0, "5": 0, "6": 0, "7": 4.0, "8": 6.0, "9": 2.0, "10": 4.0, "11": 3.0, "12": 4.0}, "d_g_i": {"1": 0, "2": 0, "3": 0, "4": 245.0, "5": 244.0, "6": 216.0, "7": 348.0, "8": 221.0, "9": 149.0, "10": 137.0, "11": 255.0, "12": 204.0}, "p_g_i": {"1": 0, "2": 0, "3": 0, "4": 141.0, "5": 181.0, "6": 158.0, "7": 172.0, "8": 187.0, "9": 197.0, "10": 195.0, "11": 233.0, "12": 294.0}, "D_h": 33.0, "P_h": 31.0, "D_g": 2019.0, "P_g": 1758.0, "s_i": {"0": 0, "1": 5, "2": 4, "3": 5, "4": 15, "5": 1, "6": 13, "7": 13, "8": 0, "9": 16, "10": 11, "11": 10, "12": 12}, "a_i": {"1": 48.142900000000004, "2": 0, "3": 0, "4": 48.142900000000004, "5": 0, "6": 0, "7": 48.142900000000004, "8": 0, "9": 0, "10": 48.142900000000004, "11": 48.142900000000004, "12": 48.142900000000004}, "b_i": {"1": 481.42900000000003, "2": 433.28610000000003, "3": 433.28610000000003, "4": 481.42900000000003, "5": 433.28610000000003, "6": 433.28610000000003, "7": 481.42900000000003, "8": 433.28610000000003, "9": 433.28610000000003, "10": 481.42900000000003, "11": 481.42900000000003, "12": 481.42900000000003}, "delta_ij": [[0.0, 10.758, 2.219, 19.644, 7.911, 0.946, 18.084, 4.471, 11.134, 6.703, 19.447, 18.529, 2.939], [10.352, 0.0, 11.218, 7.382, 4.556, 11.973, 16.704, 6.317, 2.51, 6.833, 16.268, 19.879, 9.82], [2.282, 13.17, 0.0, 20.97, 8.462, 2.661, 20.534, 5.002, 13.546, 10.463, 22.123, 23.422, 7.709], [18.779, 7.396, 18.997, 0.0, 11.002, 20.224, 13.412, 14.096, 8.956, 14.346, 12.709, 17.75, 18.071], [7.062, 4.523, 8.362, 10.955, 0.0, 8.254, 18.098, 4.624, 3.48, 8.057, 19.687, 21.042, 6.535], [0.946, 11.096, 2.837, 20.08, 8.263, 0.0, 18.552, 4.765, 11.486, 6.193, 20.13, 18.383, 2.53], [17.201, 17.114, 18.512, 12.687, 18.119, 18.794, 0.0, 15.282, 18.755, 12.745, 2.043, 2.803, 16.345], [3.689, 6.314, 4.889, 13.489, 4.644, 4.443, 15.269, 0.0, 7.867, 5.198, 16.858, 18.202, 2.955], [10.176, 2.509, 11.476, 8.941, 3.371, 11.368, 18.773, 7.337, 0.0, 9.088, 18.337, 21.948, 9.649], [6.39, 8.377, 8.49, 13.988, 8.127, 6.244, 12.29, 5.26, 9.207, 0.0, 13.879, 12.999, 4.091], [18.792, 16.768, 20.103, 12.81, 18.584, 20.1, 2.045, 16.873, 18.328, 14.304, 0.0, 3.918, 17.947], [18.643, 20.367, 20.755, 15.465, 21.291, 18.384, 3.022, 18.454, 21.927, 13.393, 4.328, 0.0, 16.231], [2.3, 9.353, 5.454, 17.788, 6.226, 3.083, 16.09, 2.626, 9.449, 4.452, 17.679, 16.642, 0.0]], "t_ij": [[0.0, 26.95, 7.683, 32.583, 16.967, 3.517, 28.95, 11.367, 23.117, 15.567, 32.95, 31.383, 9.583], [25.95, 0.0, 26.0, 11.35, 11.233, 26.467, 21.3, 15.1, 7.55, 16.233, 24.4, 26.367, 21.367], [8.533, 28.533, 0.0, 35.2, 18.367, 9.75, 33.55, 15.85, 24.95, 23.067, 37.033, 35.383, 16.2], [29.55, 10.8, 30.883, 0.0, 17.167, 29.7, 18.067, 21.683, 13.95, 19.567, 17.45, 21.067, 24.05], [17.083, 11.967, 16.017, 19.8, 0.0, 18.933, 28.7, 10.417, 7.933, 17.2, 31.45, 33.133, 15.683], [3.333, 26.367, 8.2, 30.883, 17.067, 0.0, 28.433, 12.25, 22.883, 13.933, 31.283, 27.867, 7.767], [28.2, 22.367, 31.083, 18.9, 27.933, 27.417, 0.0, 21.033, 25.867, 17.55, 6.983, 7.433, 22.717], [10.333, 13.1, 14.283, 20.933, 8.6, 13.733, 20.917, 0.0, 14.017, 10.367, 24.117, 25.367, 8.3], [19.583, 7.633, 20.25, 15.433, 7.633, 21.683, 23.717, 13.883, 0.0, 18.7, 26.917, 28.1, 19.067], [14.5, 14.4, 20.217, 18.283, 14.483, 12.733, 15.1, 10.2, 17.55, 0.0, 18.35, 16.867, 8.15], [28.417, 24.333, 31.333, 16.933, 26.75, 28.483, 6.933, 22.867, 27.133, 20.0, 0.0, 9.183, 24.3], [27.317, 26.067, 30.533, 20.8, 27.65, 25.817, 7.6, 24.283, 28.917, 17.467, 9.283, 0.0, 21.517], [7.983, 19.067, 12.367, 25.767, 14.167, 7.633, 22.883, 8.05, 19.8, 9.183, 25.767, 22.95, 0.0]]}