{"SER_NUM": 12, "VEH_NUM": 3, "c_1": 7, "c_2": 0.08, "c_3": 550, "c_4": 1.2, "phi_0": 0.0002, "yita": 0.0004, "omega": 60, "Q": 5400, "Q_h": 45, "M": 444444, "N_s": ["1", "2", "3", "4", "5", "6", "7", "8", "9", "10", "11", "12"], "N": ["0", "1", "2", "3", "4", "5", "6", "7", "8", "9", "10", "11", "12"], "K": ["1", "2", "3"], "ser_node": [6, 13, 14, 37, 38, 39, 51, 55, 57, 60, 64, 66], "ser_class": ["HS", "HS", "HS", "GS", "GS", "GS", "CS", "CS", "CS", "CS", "CS", "CS"], "d_h_i": {"1": 4.0, "2": 5.0, "3": 3.0, "4": 0, "5": 0, "6": 0, "7": 4.0, "8": 3.0, "9": 3.0, "10": 3.0, "11": 3.0, "12": 3.0}, "p_h_i": {"1": 3.0, "2": 4.0, "3": 3.0, "4": 0, "5": 0, "6": 0, "7": 4.0, "8": 4.0, "9": 4.0, "10": 3.0, "11": 4.0, "12": 4.0}, "d_g_i": {"1": 0, "2": 0, "3": 0, "4": 287.0, "5": 323.0, "6": 221.0, "7": 218.0, "8": 241.0, "9": 188.0, "10": 240.0, "11": 272.0, "12": 250.0}, "p_g_i": {"1": 0, "2": 0, "3": 0, "4": 231.0, "5": 209.0, "6": 285.0, "7": 285.0, "8": 229.0, "9": 222.0, "10": 115.0, "11": 231.0, "12": 245.0}, "D_h": 31.0, "P_h": 33.0, "D_g": 2240.0, "P_g": 2052.0, "s_i": {"0": 0, "1": 1, "2": 0, "3": 3, "4": 10, "5": 3, "6": 0, "7": 3, "8": 16, "9": 18, "10": 1, "11": 19, "12": 16}, "a_i": {"1": 37.527100000000004, "2": 0, "3": 37.527100000000004, "4": 0, "5": 0, "6": 37.527100000000004, "7": 0, "8": 0, "9": 37.527100000000004, "10": 0, "11": 37.527100000000004, "12": 37.527100000000004}, "b_i": {"1": 375.271, "2": 337.7439, "3": 375.271, "4": 337.7439, "5": 337.7439, "6": 375.271, "7": 337.7439, "8": 337.7439, "9": 375.271, "10": 337.7439, "11": 375.271, "12": 375.271}, "delta_ij": [[0.0, 3.031, 9.869, 7.205, 8.713, 0.97, 4.176, 5.88, 13.733, 1.8, 5.588, 2.543, 3.869], [2.842, 0.0, 7.512, 4.461, 7.002, 3.062, 2.713, 3.437, 12.022, 4.277, 2.409, 0.695, 2.162], [9.283, 7.506, 0.0, 10.266, 11.881, 11.27, 8.466, 6.624, 15.717, 11.762, 6.421, 8.059, 7.527], [6.874, 4.828, 8.295, 0.0, 2.592, 6.026, 3.181, 2.946, 7.55, 7.284, 3.484, 4.688, 6.202], [9.226, 7.418, 10.85, 2.804, 0.0, 7.746, 4.942, 5.501, 5.222, 9.004, 6.039, 7.002, 8.746], [0.971, 2.893, 9.982, 6.036, 7.745, 0.0, 3.206, 5.819, 12.765, 1.341, 5.501, 2.676, 3.938], [4.824, 3.598, 7.814, 2.789, 4.54, 3.976, 0.0, 2.614, 9.56, 5.234, 2.296, 3.225, 4.927], [5.022, 3.062, 6.144, 2.981, 5.57, 5.847, 3.043, 0.0, 9.486, 7.105, 0.994, 3.681, 3.602], [13.731, 12.25, 15.97, 7.629, 5.163, 12.77, 9.966, 9.467, 0.0, 14.028, 10.115, 12.026, 12.723], [1.55, 3.903, 10.825, 7.041, 8.75, 1.088, 4.211, 6.824, 13.77, 0.0, 6.506, 3.609, 4.943], [5.258, 2.056, 6.625, 3.293, 5.857, 5.303, 2.499, 1.393, 10.533, 6.561, 0.0, 2.622, 3.796], [2.542, 1.048, 8.039, 4.674, 7.0, 2.676, 2.461, 3.634, 12.02, 3.817, 2.622, 0.0, 2.452], [2.981, 1.912, 6.995, 6.21, 8.848, 3.398, 4.574, 3.603, 12.743, 4.656, 3.311, 2.465, 0.0]], "t_ij": [[0.0, 9.567, 22.7, 16.7, 19.267, 3.683, 11.083, 14.0, 24.35, 7.2, 13.217, 10.733, 11.467], [9.083, 0.0, 18.95, 10.567, 13.9, 8.483, 8.233, 9.383, 18.95, 12.2, 8.433, 3.417, 8.75], [24.883, 20.133, 0.0, 16.917, 18.983, 24.617, 20.7, 16.767, 22.067, 28.867, 16.183, 23.467, 19.317], [15.167, 11.65, 15.75, 0.0, 7.133, 11.983, 7.183, 7.433, 11.117, 15.133, 8.45, 11.1, 14.933], [17.517, 14.867, 21.783, 4.467, 0.0, 14.417, 8.867, 11.517, 8.017, 17.317, 12.667, 13.45, 18.4], [3.367, 9.25, 22.217, 12.467, 14.433, 0.0, 7.583, 12.767, 19.25, 3.65, 13.283, 8.583, 11.833], [12.183, 8.717, 16.117, 6.85, 8.3, 9.033, 0.0, 7.15, 13.317, 11.867, 7.35, 7.833, 12.367], [13.917, 8.133, 12.533, 7.383, 10.717, 12.017, 7.367, 0.0, 13.283, 15.033, 3.367, 8.75, 9.95], [22.117, 19.567, 22.483, 10.533, 8.15, 18.95, 14.033, 13.95, 0.0, 21.583, 15.883, 18.133, 21.567], [4.65, 10.183, 22.433, 13.417, 15.283, 2.9, 8.567, 14.083, 20.133, 0.0, 14.133, 9.583, 13.5], [13.833, 7.333, 13.45, 8.667, 11.817, 12.667, 7.317, 4.7, 15.967, 15.317, 0.0, 8.333, 11.15], [7.883, 4.333, 16.417, 9.817, 13.15, 7.35, 7.2, 9.117, 17.967, 9.2, 8.033, 0.0, 9.233], [9.233, 7.167, 13.217, 14.4, 16.65, 11.2, 10.75, 9.467, 20.067, 14.05, 8.633, 7.65, 0.0]]}