{"SER_NUM": 16, "VEH_NUM": 5, "c_1": 7, "c_2": 0.08, "c_3": 550, "c_4": 1.2, "phi_0": 0.0002, "yita": 0.0004, "omega": 60, "Q": 5400, "Q_h": 45, "M": 444444, "N_s": ["1", "2", "3", "4", "5", "6", "7", "8", "9", "10", "11", "12", "13", "14", "15", "16"], "N": ["0", "1", "2", "3", "4", "5", "6", "7", "8", "9", "10", "11", "12", "13", "14", "15", "16"], "K": ["1", "2", "3", "4", "5"], "ser_node": [6, 16, 18, 24, 34, 36, 43, 48, 51, 52, 54, 55, 58, 59, 66, 69], "ser_class": ["HS", "HS", "HS", "HS", "GS", "GS", "GS", "GS", "CS", "CS", "CS", "CS", "CS", "CS", "CS", "CS"], "d_h_i": {"1": 3.0, "2": 3.0, "3": 4.0, "4": 4.0, "5": 0, "6": 0, "7": 0, "8": 0, "9": 4.0, "10": 4.0, "11": 3.0, "12": 3.0, "13": 4.0, "14": 4.0, "15": 3.0, "16": 2.0}, "p_h_i": {"1": 4.0, "2": 5.0, "3": 3.0, "4": 3.0, "5": 0, "6": 0, "7": 0, "8": 0, "9": 4.0, "10": 3.0, "11": 3.0, "12": 4.0, "13": 4.0, "14": 3.0, "15": 3.0, "16": 4.0}, "d_g_i": {"1": 0, "2": 0, "3": 0, "4": 0, "5": 197.0, "6": 396.0, "7": 327.0, "8": 206.0, "9": 238.0, "10": 179.0, "11": 198.0, "12": 177.0, "13": 281.0, "14": 205.0, "15": 238.0, "16": 238.0}, "p_g_i": {"1": 0, "2": 0, "3": 0, "4": 0, "5": 210.0, "6": 264.0, "7": 246.0, "8": 218.0, "9": 227.0, "10": 228.0, "11": 278.0, "12": 217.0, "13": 203.0, "14": 246.0, "15": 188.0, "16": 151.0}, "D_h": 41.0, "P_h": 43.0, "D_g": 2880.0, "P_g": 2676.0, "s_i": {"0": 0, "1": 1, "2": 3, "3": 0, "4": 1, "5": 4, "6": 9, "7": 3, "8": 2, "9": 17, "10": 17, "11": 11, "12": 15, "13": 6, "14": 16, "15": 8, "16": 18}, "a_i": {"1": 61.42610000000001, "2": 0, "3": 0, "4": 61.42610000000001, "5": 0, "6": 0, "7": 61.42610000000001, "8": 61.42610000000001, "9": 61.42610000000001, "10": 0, "11": 61.42610000000001, "12": 0, "13": 0, "14": 61.42610000000001, "15": 0, "16": 61.42610000000001}, "b_i": {"1": 614.2610000000001, "2": 552.8349000000001, "3": 552.8349000000001, "4": 614.2610000000001, "5": 552.8349000000001, "6": 552.8349000000001, "7": 614.2610000000001, "8": 614.2610000000001, "9": 614.2610000000001, "10": 552.8349000000001, "11": 614.2610000000001, "12": 552.8349000000001, "13": 552.8349000000001, "14": 614.2610000000001, "15": 552.8349000000001, "16": 614.2610000000001}, "delta_ij": [[0.0, 3.031, 4.112, 13.461, 8.766, 3.668, 15.664, 0.946, 19.592, 5.88, 2.241, 21.839, 13.733, 3.675, 4.471, 3.869, 9.845], [2.842, 0.0, 1.374, 11.036, 6.435, 5.5, 13.128, 3.285, 17.029, 3.437, 0.971, 19.276, 12.022, 2.656, 1.98, 2.162, 7.514], [3.752, 1.347, 0.0, 9.726, 6.681, 6.071, 12.008, 4.183, 16.206, 2.494, 1.826, 18.453, 11.154, 3.166, 2.49, 2.672, 8.024], [12.867, 10.974, 10.398, 0.0, 4.836, 11.88, 8.851, 14.312, 17.611, 8.191, 11.761, 16.535, 13.039, 9.665, 8.167, 9.392, 5.219], [7.928, 6.176, 6.651, 5.264, 0.0, 8.023, 10.874, 9.12, 18.75, 5.775, 7.005, 18.558, 14.178, 5.808, 5.467, 5.672, 3.651], [2.401, 4.04, 4.84, 11.691, 8.082, 0.0, 13.866, 2.742, 19.49, 5.778, 5.337, 21.737, 14.918, 3.542, 4.369, 3.882, 9.161], [13.847, 13.002, 12.426, 8.703, 11.025, 13.942, 0.0, 16.046, 8.853, 10.219, 13.535, 8.174, 5.843, 11.727, 10.246, 11.454, 13.434], [0.946, 3.118, 4.199, 13.897, 9.118, 4.184, 15.862, 0.0, 20.381, 6.52, 2.665, 22.628, 13.466, 3.969, 4.765, 4.163, 10.197], [18.708, 16.815, 16.186, 17.332, 18.762, 20.798, 8.732, 20.321, 0.0, 14.032, 18.422, 2.345, 6.777, 17.782, 16.789, 17.288, 21.56], [5.022, 3.062, 2.171, 7.977, 5.555, 7.451, 9.86, 6.549, 14.058, 0.0, 3.957, 16.305, 9.486, 4.096, 2.871, 3.602, 8.353], [2.231, 1.335, 1.639, 11.29, 7.012, 5.977, 13.443, 2.662, 17.371, 3.659, 0.0, 19.618, 11.656, 3.233, 2.557, 2.739, 8.091], [20.756, 19.132, 18.556, 15.612, 17.934, 20.851, 7.627, 22.638, 2.415, 16.349, 19.908, 0.0, 9.094, 18.636, 17.138, 18.363, 20.732], [13.731, 12.25, 11.154, 12.767, 14.197, 16.233, 5.704, 13.472, 6.777, 9.467, 11.573, 9.024, 0.0, 13.419, 12.224, 12.723, 16.995], [2.804, 1.987, 2.74, 9.231, 5.756, 3.613, 11.406, 3.669, 17.39, 3.678, 2.816, 19.09, 13.027, 0.0, 1.301, 0.593, 6.835], [3.689, 1.73, 2.483, 7.931, 5.499, 4.736, 10.106, 4.443, 16.777, 2.826, 2.559, 17.79, 12.205, 1.72, 0.0, 1.226, 6.578], [2.981, 1.912, 2.665, 9.156, 5.681, 3.79, 11.331, 3.846, 17.315, 3.603, 2.741, 19.015, 12.743, 1.012, 1.226, 0.0, 6.76], [8.992, 7.24, 7.993, 5.649, 2.66, 9.087, 13.324, 10.184, 22.084, 8.567, 8.069, 21.008, 17.721, 6.872, 6.554, 6.736, 0.0]], "t_ij": [[0.0, 9.567, 12.05, 25.233, 18.483, 9.45, 26.833, 3.517, 32.083, 14.0, 9.85, 36.133, 24.35, 11.4, 11.367, 11.467, 19.467], [9.083, 0.0, 7.183, 19.217, 15.883, 14.65, 22.0, 10.133, 27.567, 9.383, 7.067, 30.533, 18.95, 9.917, 7.4, 8.75, 16.467], [11.2, 7.45, 0.0, 17.683, 14.967, 15.417, 20.133, 11.617, 25.533, 7.45, 7.183, 28.617, 17.267, 10.183, 7.767, 9.1, 16.617], [24.083, 18.717, 17.55, 0.0, 13.867, 22.267, 12.45, 23.767, 23.617, 12.6, 20.483, 23.367, 17.133, 19.917, 16.133, 19.85, 12.7], [19.233, 15.483, 15.233, 12.633, 0.0, 15.633, 22.0, 20.767, 30.85, 14.2, 17.717, 33.2, 23.95, 12.233, 12.017, 13.45, 7.617], [7.1, 11.35, 13.433, 22.783, 14.883, 0.0, 25.233, 7.75, 31.8, 13.85, 13.933, 35.017, 25.067, 8.633, 11.533, 9.1, 15.433], [27.017, 20.717, 19.95, 11.783, 19.0, 23.717, 0.0, 25.517, 16.033, 15.167, 21.3, 14.3, 10.033, 21.183, 17.533, 21.267, 20.517], [3.333, 9.633, 12.067, 23.617, 18.683, 10.0, 26.167, 0.0, 30.717, 15.45, 8.283, 33.867, 21.517, 12.233, 12.25, 12.217, 19.35], [30.917, 25.45, 24.967, 22.267, 27.9, 32.633, 14.4, 29.283, 0.0, 20.417, 25.333, 3.65, 12.667, 28.983, 23.867, 27.967, 30.6], [13.917, 8.133, 7.233, 11.967, 11.883, 14.267, 14.35, 13.483, 19.7, 0.0, 9.45, 22.533, 13.283, 10.9, 6.85, 9.95, 15.35], [7.85, 4.983, 4.667, 17.583, 15.533, 14.733, 20.1, 8.567, 25.133, 8.8, 0.0, 28.133, 17.433, 11.183, 8.35, 10.033, 16.367], [33.5, 28.583, 27.95, 21.217, 26.183, 30.933, 12.033, 32.767, 4.583, 23.55, 31.133, 0.0, 15.867, 28.517, 24.767, 28.433, 29.267], [22.117, 19.567, 16.833, 15.767, 23.0, 26.317, 9.95, 20.183, 12.65, 13.95, 16.717, 15.667, 0.0, 22.633, 17.6, 21.567, 25.2], [8.633, 7.533, 8.767, 17.083, 11.933, 8.533, 19.567, 11.683, 26.917, 9.733, 9.2, 30.083, 20.783, 0.0, 3.95, 2.683, 12.533], [10.333, 7.2, 7.75, 13.6, 10.433, 10.217, 16.317, 13.733, 24.633, 7.2, 7.983, 26.633, 18.217, 4.967, 0.0, 3.833, 10.85], [9.233, 7.167, 8.317, 16.717, 11.767, 9.0, 19.2, 11.983, 26.233, 9.467, 8.517, 29.233, 20.067, 3.917, 3.417, 0.0, 12.2], [16.5, 13.6, 15.783, 11.983, 7.517, 14.0, 19.817, 18.867, 29.683, 15.9, 16.083, 29.833, 23.717, 11.567, 11.583, 12.467, 0.0]]}