{"SER_NUM": 16, "VEH_NUM": 5, "c_1": 7, "c_2": 0.08, "c_3": 550, "c_4": 1.2, "phi_0": 0.0002, "yita": 0.0004, "omega": 60, "Q": 5400, "Q_h": 45, "M": 444444, "N_s": ["1", "2", "3", "4", "5", "6", "7", "8", "9", "10", "11", "12", "13", "14", "15", "16"], "N": ["0", "1", "2", "3", "4", "5", "6", "7", "8", "9", "10", "11", "12", "13", "14", "15", "16"], "K": ["1", "2", "3", "4", "5"], "ser_node": [6, 10, 12, 21, 29, 32, 33, 38, 53, 55, 61, 64, 65, 69, 70, 72], "ser_class": ["HS", "HS", "HS", "HS", "GS", "GS", "GS", "GS", "CS", "CS", "CS", "CS", "CS", "CS", "CS", "CS"], "d_h_i": {"1": 3.0, "2": 4.0, "3": 3.0, "4": 4.0, "5": 0, "6": 0, "7": 0, "8": 0, "9": 3.0, "10": 3.0, "11": 5.0, "12": 4.0, "13": 4.0, "14": 4.0, "15": 3.0, "16": 2.0}, "p_h_i": {"1": 4.0, "2": 3.0, "3": 3.0, "4": 3.0, "5": 0, "6": 0, "7": 0, "8": 0, "9": 3.0, "10": 4.0, "11": 4.0, "12": 4.0, "13": 4.0, "14": 4.0, "15": 4.0, "16": 3.0}, "d_g_i": {"1": 0, "2": 0, "3": 0, "4": 0, "5": 216.0, "6": 205.0, "7": 174.0, "8": 192.0, "9": 226.0, "10": 188.0, "11": 200.0, "12": 232.0, "13": 135.0, "14": 239.0, "15": 166.0, "16": 264.0}, "p_g_i": {"1": 0, "2": 0, "3": 0, "4": 0, "5": 281.0, "6": 227.0, "7": 238.0, "8": 208.0, "9": 283.0, "10": 286.0, "11": 271.0, "12": 242.0, "13": 257.0, "14": 184.0, "15": 187.0, "16": 294.0}, "D_h": 42.0, "P_h": 43.0, "D_g": 2437.0, "P_g": 2958.0, "s_i": {"0": 0, "1": 1, "2": 5, "3": 4, "4": 5, "5": 9, "6": 10, "7": 7, "8": 11, "9": 19, "10": 4, "11": 14, "12": 7, "13": 0, "14": 14, "15": 12, "16": 17}, "a_i": {"1": 0, "2": 68.45390000000002, "3": 68.45390000000002, "4": 0, "5": 68.45390000000002, "6": 0, "7": 68.45390000000002, "8": 0, "9": 68.45390000000002, "10": 0, "11": 68.45390000000002, "12": 68.45390000000002, "13": 68.45390000000002, "14": 0, "15": 0, "16": 0}, "b_i": {"1": 616.0851000000001, "2": 684.5390000000001, "3": 684.5390000000001, "4": 616.0851000000001, "5": 684.5390000000001, "6": 616.0851000000001, "7": 684.5390000000001, "8": 616.0851000000001, "9": 684.5390000000001, "10": 616.0851000000001, "11": 684.5390000000001, "12": 684.5390000000001, "13": 684.5390000000001, "14": 616.0851000000001, "15": 616.0851000000001, "16": 616.0851000000001}, "delta_ij": [[0.0, 3.031, 1.426, 21.917, 10.943, 17.941, 1.756, 1.013, 0.97, 4.865, 13.733, 4.813, 2.543, 11.134, 9.845, 18.529, 5.719], [2.842, 0.0, 3.121, 19.354, 8.612, 16.351, 4.221, 2.687, 3.062, 2.534, 12.022, 7.323, 0.695, 8.803, 7.514, 16.984, 3.228], [1.823, 2.848, 0.0, 20.654, 9.093, 19.211, 2.954, 2.879, 3.5, 3.015, 13.757, 6.069, 3.203, 9.284, 7.995, 19.799, 3.95], [20.679, 19.22, 19.681, 0.0, 17.36, 6.723, 22.648, 22.662, 22.728, 17.052, 11.148, 26.989, 21.984, 18.465, 20.266, 7.226, 15.86], [9.956, 8.204, 8.958, 17.884, 0.0, 20.654, 11.925, 10.547, 10.92, 6.459, 15.003, 15.202, 8.757, 1.726, 2.906, 21.242, 6.058], [18.022, 16.733, 19.376, 5.722, 20.087, 0.0, 19.237, 16.995, 17.061, 18.523, 5.481, 21.322, 16.317, 21.306, 22.993, 0.63, 16.573], [1.756, 4.009, 4.905, 24.117, 13.903, 19.206, 0.0, 2.349, 5.185, 7.825, 14.877, 5.427, 4.788, 14.094, 12.805, 19.794, 9.678], [1.013, 2.52, 2.856, 21.938, 10.683, 17.027, 2.349, 0.0, 0.541, 4.355, 12.698, 5.359, 2.369, 10.874, 9.585, 17.615, 5.415], [0.971, 2.893, 2.826, 22.005, 11.056, 17.094, 2.259, 0.542, 0.0, 4.978, 12.765, 4.333, 2.676, 11.247, 9.958, 17.682, 5.788], [3.947, 2.17, 2.949, 17.58, 6.957, 18.652, 5.916, 4.29, 4.911, 0.0, 13.001, 9.308, 2.723, 7.148, 5.435, 19.24, 3.014], [13.731, 12.25, 13.767, 9.102, 14.592, 5.519, 14.946, 12.704, 12.77, 13.082, 0.0, 17.031, 12.026, 15.899, 16.995, 6.107, 11.18], [4.818, 7.18, 6.081, 26.27, 15.343, 21.359, 5.493, 5.364, 4.337, 9.265, 17.03, 0.0, 6.941, 15.534, 14.245, 21.947, 10.075], [2.542, 1.048, 3.154, 19.567, 8.902, 16.349, 3.878, 1.948, 2.676, 2.824, 12.02, 6.82, 0.0, 9.093, 7.804, 16.937, 3.518], [10.176, 8.424, 9.178, 18.59, 1.842, 21.36, 12.145, 10.519, 11.277, 6.694, 15.918, 15.422, 8.977, 0.0, 3.126, 21.948, 6.293], [8.992, 7.24, 7.994, 20.393, 3.078, 23.163, 10.961, 9.583, 9.956, 5.69, 17.721, 14.238, 7.793, 3.694, 0.0, 23.751, 7.198], [18.643, 17.354, 19.829, 5.779, 20.822, 0.633, 19.858, 17.616, 17.682, 19.312, 6.102, 21.943, 16.938, 21.927, 23.225, 0.0, 17.41], [4.824, 2.976, 3.948, 16.129, 6.304, 16.613, 6.804, 5.316, 5.853, 1.973, 11.159, 10.114, 3.529, 6.368, 7.824, 17.398, 0.0]], "t_ij": [[0.0, 9.567, 6.983, 35.533, 23.983, 30.4, 12.45, 4.1, 3.683, 13.3, 24.35, 10.583, 10.733, 23.117, 19.467, 31.383, 13.617], [9.083, 0.0, 9.85, 30.683, 20.833, 24.367, 13.817, 8.617, 8.483, 10.1, 18.95, 13.283, 3.417, 19.883, 16.467, 25.817, 9.267], [7.717, 8.917, 0.0, 33.833, 20.983, 31.067, 9.883, 9.15, 9.833, 10.367, 23.983, 15.4, 10.35, 20.2, 16.45, 31.617, 11.033], [35.9, 30.883, 33.283, 0.0, 24.2, 13.183, 37.267, 30.817, 30.367, 26.15, 15.183, 34.767, 29.383, 26.917, 29.683, 12.667, 24.55], [21.933, 18.067, 19.65, 27.25, 0.0, 29.133, 23.55, 23.483, 23.567, 13.833, 21.717, 28.95, 19.517, 3.75, 7.317, 29.867, 14.6], [27.6, 26.133, 30.383, 10.117, 27.25, 0.0, 29.1, 24.517, 24.183, 27.183, 9.033, 28.917, 22.867, 29.65, 32.2, 1.583, 23.417], [9.683, 19.65, 11.433, 40.267, 25.217, 32.967, 0.0, 13.217, 10.1, 14.867, 28.183, 15.3, 17.0, 24.417, 20.6, 33.65, 18.0], [3.5, 8.383, 8.917, 32.433, 23.683, 24.95, 7.85, 0.0, 2.3, 14.783, 19.9, 8.667, 8.65, 22.95, 18.983, 25.883, 12.483], [3.367, 9.25, 9.033, 31.583, 23.45, 24.333, 7.05, 2.25, 0.0, 13.85, 19.25, 8.95, 8.583, 23.35, 19.383, 25.25, 13.7], [11.65, 8.0, 9.25, 29.017, 13.65, 28.0, 12.9, 13.717, 14.433, 0.0, 21.367, 18.117, 9.017, 13.783, 9.85, 28.8, 7.967], [22.117, 19.567, 23.85, 15.683, 18.95, 9.517, 23.167, 19.317, 18.95, 19.5, 0.0, 23.367, 18.133, 22.283, 25.2, 10.383, 16.6], [10.65, 12.65, 14.283, 33.817, 25.817, 28.25, 11.7, 8.4, 9.017, 17.083, 22.883, 0.0, 11.767, 25.733, 22.533, 29.1, 17.183], [7.883, 4.333, 9.85, 27.717, 18.65, 22.817, 10.983, 7.333, 7.35, 9.633, 17.967, 11.317, 0.0, 18.667, 16.533, 23.767, 9.883], [19.583, 16.7, 17.9, 26.75, 4.667, 27.35, 21.217, 21.15, 21.633, 12.55, 21.4, 25.9, 17.767, 0.0, 7.383, 28.1, 13.033], [16.5, 13.6, 14.417, 29.183, 7.933, 29.85, 18.033, 18.183, 18.183, 10.133, 23.717, 23.1, 15.017, 7.383, 0.0, 30.683, 13.35], [27.317, 25.35, 29.433, 11.333, 26.183, 1.933, 28.533, 24.817, 24.45, 26.6, 10.233, 29.1, 23.633, 28.917, 29.917, 0.0, 23.35], [12.8, 7.783, 10.45, 24.85, 14.267, 22.917, 16.883, 14.133, 13.417, 7.433, 15.85, 18.15, 9.0, 14.55, 12.767, 23.467, 0.0]]}