{"SER_NUM": 16, "VEH_NUM": 5, "c_1": 7, "c_2": 0.08, "c_3": 550, "c_4": 1.2, "phi_0": 0.0002, "yita": 0.0004, "omega": 60, "Q": 5400, "Q_h": 45, "M": 444444, "N_s": ["1", "2", "3", "4", "5", "6", "7", "8", "9", "10", "11", "12", "13", "14", "15", "16"], "N": ["0", "1", "2", "3", "4", "5", "6", "7", "8", "9", "10", "11", "12", "13", "14", "15", "16"], "K": ["1", "2", "3", "4", "5"], "ser_node": [7, 10, 20, 23, 34, 35, 37, 48, 49, 50, 54, 59, 63, 69, 70, 72], "ser_class": ["HS", "HS", "HS", "HS", "GS", "GS", "GS", "GS", "CS", "CS", "CS", "CS", "CS", "CS", "CS", "CS"], "d_h_i": {"1": 4.0, "2": 4.0, "3": 4.0, "4": 3.0, "5": 0, "6": 0, "7": 0, "8": 0, "9": 4.0, "10": 5.0, "11": 4.0, "12": 3.0, "13": 5.0, "14": 4.0, "15": 5.0, "16": 3.0}, "p_h_i": {"1": 5.0, "2": 5.0, "3": 4.0, "4": 4.0, "5": 0, "6": 0, "7": 0, "8": 0, "9": 2.0, "10": 4.0, "11": 4.0, "12": 3.0, "13": 4.0, "14": 3.0, "15": 4.0, "16": 4.0}, "d_g_i": {"1": 0, "2": 0, "3": 0, "4": 0, "5": 233.0, "6": 276.0, "7": 249.0, "8": 204.0, "9": 279.0, "10": 290.0, "11": 209.0, "12": 197.0, "13": 250.0, "14": 178.0, "15": 162.0, "16": 102.0}, "p_g_i": {"1": 0, "2": 0, "3": 0, "4": 0, "5": 219.0, "6": 284.0, "7": 229.0, "8": 164.0, "9": 256.0, "10": 144.0, "11": 257.0, "12": 251.0, "13": 245.0, "14": 265.0, "15": 182.0, "16": 228.0}, "D_h": 48.0, "P_h": 46.0, "D_g": 2629.0, "P_g": 2724.0, "s_i": {"0": 0, "1": 3, "2": 3, "3": 5, "4": 4, "5": 5, "6": 8, "7": 12, "8": 3, "9": 20, "10": 2, "11": 9, "12": 5, "13": 11, "14": 13, "15": 5, "16": 20}, "a_i": {"1": 0, "2": 61.42610000000001, "3": 0, "4": 61.42610000000001, "5": 0, "6": 61.42610000000001, "7": 61.42610000000001, "8": 0, "9": 0, "10": 61.42610000000001, "11": 0, "12": 61.42610000000001, "13": 61.42610000000001, "14": 61.42610000000001, "15": 0, "16": 0}, "b_i": {"1": 552.8349000000001, "2": 614.2610000000001, "3": 552.8349000000001, "4": 614.2610000000001, "5": 552.8349000000001, "6": 614.2610000000001, "7": 614.2610000000001, "8": 552.8349000000001, "9": 552.8349000000001, "10": 614.2610000000001, "11": 552.8349000000001, "12": 614.2610000000001, "13": 614.2610000000001, "14": 614.2610000000001, "15": 552.8349000000001, "16": 552.8349000000001}, "delta_ij": [[0.0, 9.753, 1.426, 3.86, 19.644, 3.668, 2.612, 8.713, 19.592, 9.348, 6.487, 21.839, 4.471, 7.459, 9.845, 18.529, 5.719], [8.908, 0.0, 7.91, 6.849, 10.144, 9.003, 7.127, 10.723, 19.224, 11.392, 4.415, 20.174, 5.924, 7.091, 2.461, 20.694, 4.88], [1.823, 7.903, 0.0, 2.597, 16.708, 2.443, 0.783, 9.728, 18.329, 10.363, 5.072, 20.576, 2.702, 6.196, 7.995, 19.799, 3.95], [3.135, 7.03, 3.371, 0.0, 16.792, 5.306, 2.489, 7.252, 16.69, 7.887, 6.459, 18.937, 1.614, 4.557, 7.148, 17.234, 2.862], [18.779, 10.207, 18.403, 16.604, 0.0, 17.792, 15.916, 11.079, 14.022, 11.714, 12.711, 12.962, 14.096, 12.649, 10.757, 17.75, 12.878], [2.401, 9.069, 1.805, 3.758, 17.874, 0.0, 2.671, 10.859, 19.49, 11.494, 6.238, 21.737, 4.369, 7.357, 9.161, 21.157, 6.034], [2.367, 7.17, 0.741, 2.365, 15.975, 2.54, 0.0, 9.534, 18.135, 10.169, 4.366, 20.382, 1.961, 6.002, 7.262, 19.802, 3.209], [9.226, 10.734, 9.671, 7.957, 11.077, 12.475, 9.46, 0.0, 12.137, 0.885, 12.386, 14.384, 8.258, 4.121, 13.678, 10.139, 7.214], [18.708, 19.235, 18.332, 16.533, 14.129, 20.798, 18.097, 12.074, 0.0, 12.709, 20.887, 2.345, 16.789, 12.578, 21.56, 3.872, 15.745], [9.342, 11.369, 10.731, 8.637, 11.712, 12.891, 10.154, 0.885, 12.772, 0.0, 13.021, 15.019, 8.893, 4.774, 13.694, 10.774, 7.849], [6.115, 4.417, 5.117, 6.276, 12.694, 6.182, 4.334, 12.374, 20.875, 13.043, 0.0, 20.683, 5.872, 8.742, 3.887, 22.542, 6.531], [20.756, 18.407, 19.758, 18.85, 11.938, 20.851, 18.975, 14.391, 2.415, 14.802, 20.059, 0.0, 17.138, 14.895, 20.732, 5.711, 16.094], [3.689, 5.943, 2.702, 1.448, 13.489, 4.736, 1.919, 8.31, 16.777, 8.9, 5.889, 17.79, 0.0, 4.644, 6.578, 18.202, 1.249], [6.651, 7.178, 6.275, 4.476, 12.109, 8.63, 6.04, 4.187, 12.654, 4.822, 8.83, 14.901, 4.732, 0.0, 9.503, 14.321, 3.688], [8.992, 2.467, 7.994, 6.958, 10.744, 9.087, 7.211, 13.676, 22.084, 14.311, 3.849, 21.008, 6.554, 9.409, 0.0, 23.751, 7.198], [18.643, 20.9, 19.829, 18.198, 15.465, 22.102, 19.594, 10.137, 3.454, 10.772, 22.552, 6.112, 18.454, 14.243, 23.225, 0.0, 17.41], [4.824, 4.897, 3.948, 2.694, 13.068, 5.982, 3.165, 7.264, 15.731, 7.899, 7.135, 16.744, 1.247, 3.598, 7.824, 17.398, 0.0]], "t_ij": [[0.0, 23.167, 6.983, 10.467, 32.583, 9.45, 7.7, 19.267, 32.083, 20.883, 15.917, 36.133, 11.367, 16.467, 19.467, 31.383, 13.617], [22.0, 0.0, 19.217, 16.633, 18.0, 18.55, 16.767, 21.05, 31.6, 22.9, 10.617, 31.583, 13.4, 15.8, 8.183, 32.433, 12.433], [7.717, 19.417, 0.0, 8.933, 29.883, 7.317, 2.567, 19.95, 30.583, 21.417, 13.283, 33.633, 8.767, 15.1, 16.45, 31.617, 11.033], [10.05, 17.317, 9.933, 0.0, 25.983, 12.833, 8.8, 14.617, 26.683, 16.083, 14.217, 30.183, 4.917, 10.683, 13.55, 26.15, 7.75], [29.55, 17.383, 28.483, 23.667, 0.0, 28.317, 26.733, 19.283, 20.367, 21.15, 19.233, 18.117, 21.683, 15.25, 16.783, 21.067, 20.667], [7.1, 19.9, 7.133, 10.633, 30.25, 0.0, 7.1, 21.433, 31.8, 22.8, 11.35, 35.017, 11.533, 16.35, 15.433, 32.467, 13.1], [7.383, 16.283, 2.6, 7.333, 27.3, 6.933, 0.0, 17.817, 28.033, 19.383, 9.033, 30.917, 7.0, 12.217, 12.4, 28.8, 7.8], [17.517, 22.367, 20.533, 16.217, 18.933, 23.983, 19.65, 0.0, 17.183, 3.1, 24.05, 20.25, 14.817, 9.033, 21.717, 14.6, 14.083], [30.917, 28.7, 29.6, 25.383, 19.45, 32.633, 29.283, 16.417, 0.0, 18.25, 31.217, 3.65, 23.867, 17.767, 30.6, 7.35, 22.917], [18.783, 21.017, 21.45, 17.283, 19.717, 24.867, 21.167, 2.967, 18.333, 0.0, 23.367, 21.183, 15.783, 11.9, 22.95, 15.583, 14.833], [13.65, 8.917, 10.983, 13.567, 20.4, 10.817, 8.85, 23.217, 32.817, 24.85, 0.0, 34.85, 11.983, 17.85, 7.367, 34.017, 13.683], [33.5, 27.667, 31.817, 28.183, 16.867, 30.933, 29.067, 20.05, 4.583, 22.1, 29.75, 0.0, 24.767, 21.0, 29.267, 11.083, 23.767], [10.333, 12.083, 8.65, 4.683, 20.933, 10.217, 7.2, 14.65, 24.633, 15.967, 10.9, 26.633, 0.0, 9.267, 10.85, 25.367, 2.2], [15.033, 14.967, 14.367, 10.05, 18.567, 17.117, 13.25, 8.633, 17.483, 9.95, 16.867, 21.133, 8.317, 0.0, 16.5, 19.433, 7.65], [16.5, 7.45, 14.417, 13.2, 17.1, 14.0, 12.15, 21.1, 29.683, 22.317, 6.917, 29.833, 11.583, 18.133, 0.0, 30.683, 13.35], [27.317, 28.333, 29.433, 25.383, 20.8, 32.317, 28.483, 13.9, 8.067, 15.167, 30.583, 11.0, 24.283, 18.617, 29.917, 0.0, 23.35], [12.8, 11.8, 10.45, 7.417, 20.117, 11.65, 8.15, 13.167, 21.817, 14.5, 12.85, 25.15, 2.25, 7.933, 12.767, 23.467, 0.0]]}