{"SER_NUM": 20, "VEH_NUM": 5, "c_1": 7, "c_2": 0.08, "c_3": 550, "c_4": 1.2, "phi_0": 0.0002, "yita": 0.0004, "omega": 60, "Q": 5400, "Q_h": 45, "M": 444444, "N_s": ["1", "2", "3", "4", "5", "6", "7", "8", "9", "10", "11", "12", "13", "14", "15", "16", "17", "18", "19", "20"], "N": ["0", "1", "2", "3", "4", "5", "6", "7", "8", "9", "10", "11", "12", "13", "14", "15", "16", "17", "18", "19", "20"], "K": ["1", "2", "3", "4", "5"], "ser_node": [7, 13, 16, 21, 24, 30, 33, 36, 39, 41, 49, 50, 52, 53, 55, 56, 57, 63, 67, 72], "ser_class": ["HS", "HS", "HS", "HS", "HS", "GS", "GS", "GS", "GS", "GS", "CS", "CS", "CS", "CS", "CS", "CS", "CS", "CS", "CS", "CS"], "d_h_i": {"1": 5.0, "2": 3.0, "3": 4.0, "4": 3.0, "5": 3.0, "6": 0, "7": 0, "8": 0, "9": 0, "10": 0, "11": 3.0, "12": 5.0, "13": 3.0, "14": 3.0, "15": 5.0, "16": 4.0, "17": 3.0, "18": 4.0, "19": 3.0, "20": 4.0}, "p_h_i": {"1": 3.0, "2": 6.0, "3": 5.0, "4": 4.0, "5": 3.0, "6": 0, "7": 0, "8": 0, "9": 0, "10": 0, "11": 4.0, "12": 4.0, "13": 4.0, "14": 4.0, "15": 2.0, "16": 3.0, "17": 4.0, "18": 3.0, "19": 5.0, "20": 3.0}, "d_g_i": {"1": 0, "2": 0, "3": 0, "4": 0, "5": 0, "6": 119.0, "7": 183.0, "8": 215.0, "9": 225.0, "10": 201.0, "11": 213.0, "12": 202.0, "13": 195.0, "14": 197.0, "15": 247.0, "16": 226.0, "17": 259.0, "18": 212.0, "19": 217.0, "20": 166.0}, "p_g_i": {"1": 0, "2": 0, "3": 0, "4": 0, "5": 0, "6": 265.0, "7": 231.0, "8": 172.0, "9": 236.0, "10": 201.0, "11": 255.0, "12": 160.0, "13": 270.0, "14": 209.0, "15": 286.0, "16": 253.0, "17": 165.0, "18": 263.0, "19": 171.0, "20": 232.0}, "D_h": 55.0, "P_h": 57.0, "D_g": 3077.0, "P_g": 3369.0, "s_i": {"0": 0, "1": 3, "2": 2, "3": 2, "4": 3, "5": 1, "6": 11, "7": 14, "8": 8, "9": 2, "10": 3, "11": 4, "12": 13, "13": 8, "14": 9, "15": 0, "16": 5, "17": 17, "18": 9, "19": 6, "20": 7}, "a_i": {"1": 66.6393, "2": 66.6393, "3": 0, "4": 0, "5": 0, "6": 0, "7": 66.6393, "8": 0, "9": 66.6393, "10": 66.6393, "11": 66.6393, "12": 0, "13": 0, "14": 0, "15": 66.6393, "16": 0, "17": 0, "18": 66.6393, "19": 66.6393, "20": 66.6393}, "b_i": {"1": 666.393, "2": 666.393, "3": 599.7537000000001, "4": 599.7537000000001, "5": 599.7537000000001, "6": 599.7537000000001, "7": 666.393, "8": 599.7537000000001, "9": 666.393, "10": 666.393, "11": 666.393, "12": 599.7537000000001, "13": 599.7537000000001, "14": 599.7537000000001, "15": 666.393, "16": 599.7537000000001, "17": 599.7537000000001, "18": 666.393, "19": 666.393, "20": 666.393}, "delta_ij": [[0.0, 9.753, 9.869, 4.112, 10.943, 8.766, 13.282, 1.013, 15.664, 4.176, 1.194, 9.348, 6.487, 2.241, 4.865, 13.733, 19.045, 1.8, 7.459, 6.703, 5.719], [8.908, 0.0, 1.243, 7.507, 2.478, 0.541, 14.976, 9.499, 11.348, 8.091, 7.714, 11.392, 4.415, 7.96, 5.281, 14.652, 18.727, 12.153, 7.091, 7.675, 4.88], [9.283, 1.502, 0.0, 7.5, 1.29, 1.669, 16.041, 11.204, 11.529, 8.466, 8.089, 12.516, 5.615, 8.335, 5.656, 15.717, 17.819, 11.762, 9.415, 8.05, 5.255], [3.752, 7.553, 7.27, 0.0, 8.96, 6.681, 10.824, 3.349, 12.008, 2.273, 2.898, 6.769, 7.335, 1.826, 3.044, 11.154, 15.709, 5.122, 3.674, 3.069, 2.953], [9.956, 2.242, 1.945, 8.303, 0.0, 2.47, 15.327, 10.547, 10.815, 9.269, 8.762, 11.802, 4.86, 9.033, 6.459, 15.003, 17.105, 12.216, 8.701, 8.853, 6.058], [7.928, 0.541, 1.408, 6.651, 2.644, 0.0, 14.502, 8.887, 10.874, 7.617, 6.734, 10.918, 3.37, 7.005, 4.626, 14.178, 18.253, 10.188, 6.617, 7.201, 4.406], [13.401, 14.987, 16.085, 10.824, 14.909, 14.514, 0.0, 12.374, 5.997, 9.636, 13.666, 5.53, 16.639, 11.243, 13.854, 0.331, 6.395, 13.698, 8.33, 8.151, 11.952], [1.013, 9.493, 9.609, 3.601, 10.683, 8.506, 12.368, 0.0, 15.36, 3.139, 2.207, 8.313, 6.689, 2.156, 4.355, 12.698, 18.795, 1.882, 7.155, 5.425, 5.415], [13.847, 11.498, 11.704, 12.426, 10.528, 11.025, 7.962, 15.572, 0.0, 12.834, 12.653, 7.908, 13.15, 13.535, 10.22, 5.843, 7.014, 16.896, 8.765, 10.462, 9.028], [4.824, 7.698, 7.814, 2.463, 11.986, 7.225, 9.23, 3.91, 12.314, 0.0, 5.153, 5.175, 9.35, 2.779, 5.399, 9.56, 15.713, 5.234, 4.048, 2.287, 3.497], [1.194, 8.603, 8.719, 2.918, 9.793, 7.616, 13.667, 2.003, 14.2, 4.446, 0.0, 9.612, 5.799, 2.494, 3.715, 14.035, 17.901, 2.913, 6.265, 5.509, 4.525], [9.342, 11.369, 11.485, 6.765, 11.407, 10.896, 5.265, 8.315, 7.763, 5.577, 9.607, 0.0, 13.021, 7.184, 9.795, 5.857, 12.01, 9.639, 4.774, 4.092, 7.849], [6.115, 4.417, 5.357, 7.311, 5.028, 3.377, 16.627, 6.458, 12.999, 9.141, 4.921, 13.043, 0.0, 7.387, 5.008, 16.303, 20.378, 8.347, 8.742, 9.326, 6.531], [2.231, 7.973, 8.326, 1.639, 9.189, 7.012, 11.326, 2.064, 13.443, 1.945, 2.867, 7.271, 7.167, 0.0, 3.111, 11.656, 16.874, 3.57, 5.238, 4.159, 3.805], [3.947, 5.714, 5.67, 2.923, 6.957, 4.356, 13.325, 4.29, 10.511, 4.832, 2.753, 9.741, 4.746, 2.999, 0.0, 13.001, 17.076, 6.207, 5.44, 6.821, 3.014], [13.731, 15.719, 15.97, 11.154, 14.592, 14.197, 0.331, 12.704, 5.704, 9.966, 12.949, 5.86, 16.322, 11.573, 13.082, 0.0, 6.28, 14.028, 8.013, 8.481, 11.18], [18.267, 17.723, 17.929, 15.798, 16.753, 17.25, 6.451, 18.907, 6.943, 16.169, 17.073, 12.063, 19.375, 17.776, 16.445, 6.336, 0.0, 20.231, 12.137, 13.779, 15.304], [1.55, 10.709, 10.825, 4.876, 11.899, 9.722, 13.44, 1.628, 16.166, 4.211, 2.666, 9.385, 7.878, 3.228, 6.273, 13.77, 19.923, 0.0, 8.371, 6.497, 7.707], [6.651, 7.178, 7.294, 3.8, 8.398, 6.705, 8.406, 7.263, 8.726, 4.525, 5.457, 4.822, 8.83, 5.557, 5.59, 8.082, 12.157, 8.587, 0.0, 2.246, 3.688], [6.39, 7.736, 7.852, 3.14, 9.63, 7.263, 7.752, 5.476, 9.958, 2.738, 5.985, 3.697, 9.388, 4.345, 6.118, 8.082, 13.301, 6.8, 2.22, 0.0, 4.216], [4.824, 4.897, 5.013, 2.895, 6.304, 4.424, 11.483, 5.316, 9.06, 3.861, 3.63, 7.899, 7.135, 3.805, 1.973, 11.159, 15.234, 7.111, 3.598, 4.152, 0.0]],