{"SER_NUM": 12, "VEH_NUM": 3, "c_1": 7, "c_2": 0.08, "c_3": 550, "c_4": 1.2, "phi_0": 0.0002, "yita": 0.0004, "omega": 60, "Q": 5400, "Q_h": 45, "M": 444444, "N_s": ["1", "2", "3", "4", "5", "6", "7", "8", "9", "10", "11", "12"], "N": ["0", "1", "2", "3", "4", "5", "6", "7", "8", "9", "10", "11", "12"], "K": ["1", "2", "3"], "ser_node": [4, 5, 7, 30, 44, 48, 51, 54, 61, 63, 70, 71], "ser_class": ["HS", "HS", "HS", "GS", "GS", "GS", "CS", "CS", "CS", "CS", "CS", "CS"], "d_h_i": {"1": 4.0, "2": 3.0, "3": 3.0, "4": 0, "5": 0, "6": 0, "7": 4.0, "8": 4.0, "9": 3.0, "10": 5.0, "11": 4.0, "12": 4.0}, "p_h_i": {"1": 4.0, "2": 4.0, "3": 4.0, "4": 0, "5": 0, "6": 0, "7": 5.0, "8": 2.0, "9": 3.0, "10": 4.0, "11": 5.0, "12": 4.0}, "d_g_i": {"1": 0, "2": 0, "3": 0, "4": 250.0, "5": 233.0, "6": 232.0, "7": 217.0, "8": 187.0, "9": 235.0, "10": 187.0, "11": 168.0, "12": 201.0}, "p_g_i": {"1": 0, "2": 0, "3": 0, "4": 239.0, "5": 255.0, "6": 279.0, "7": 300.0, "8": 262.0, "9": 250.0, "10": 208.0, "11": 163.0, "12": 232.0}, "D_h": 34.0, "P_h": 35.0, "D_g": 1910.0, "P_g": 2188.0, "s_i": {"0": 0, "1": 5, "2": 2, "3": 2, "4": 1, "5": 3, "6": 1, "7": 12, "8": 3, "9": 1, "10": 5, "11": 19, "12": 7}, "a_i": {"1": 0, "2": 47.667100000000005, "3": 47.667100000000005, "4": 0, "5": 0, "6": 0, "7": 47.667100000000005, "8": 47.667100000000005, "9": 0, "10": 47.667100000000005, "11": 0, "12": 47.667100000000005}, "b_i": {"1": 429.00390000000004, "2": 476.67100000000005, "3": 476.67100000000005, "4": 429.00390000000004, "5": 429.00390000000004, "6": 429.00390000000004, "7": 476.67100000000005, "8": 476.67100000000005, "9": 429.00390000000004, "10": 476.67100000000005, "11": 429.00390000000004, "12": 476.67100000000005}, "delta_ij": [[0.0, 10.758, 3.053, 9.753, 13.282, 18.084, 19.592, 5.88, 21.839, 4.813, 7.459, 18.529, 2.939], [10.352, 0.0, 13.152, 3.647, 13.964, 16.704, 18.212, 6.532, 17.136, 18.472, 7.338, 19.879, 9.82], [3.056, 13.103, 0.0, 12.098, 14.946, 20.362, 22.191, 8.33, 24.438, 3.829, 9.764, 20.193, 4.48], [8.908, 3.712, 12.142, 0.0, 14.976, 17.716, 19.224, 6.136, 20.174, 14.154, 7.091, 20.694, 9.444], [13.401, 14.373, 14.951, 14.987, 0.0, 5.384, 6.892, 10.195, 10.022, 16.701, 8.33, 5.777, 10.989], [17.201, 17.114, 20.399, 17.728, 5.385, 0.0, 1.962, 12.525, 4.209, 22.15, 11.071, 2.803, 16.345], [18.708, 18.702, 22.13, 19.235, 7.709, 1.961, 0.0, 14.032, 2.345, 23.88, 12.578, 3.872, 18.168], [5.022, 6.399, 8.358, 6.028, 9.81, 12.55, 14.058, 0.0, 16.305, 10.108, 1.925, 15.725, 4.396], [20.756, 16.414, 24.447, 18.407, 9.209, 4.278, 2.415, 16.349, 0.0, 27.066, 14.895, 5.711, 20.485], [4.818, 15.539, 3.835, 14.364, 16.7, 22.116, 23.945, 10.084, 26.192, 0.0, 11.631, 21.947, 6.234], [6.651, 7.145, 9.84, 7.178, 8.406, 11.146, 12.654, 1.975, 14.901, 11.59, 0.0, 14.321, 5.878], [18.643, 20.367, 20.193, 20.9, 5.772, 3.022, 3.454, 15.529, 6.112, 21.943, 14.243, 0.0, 16.231], [2.3, 9.353, 4.892, 8.279, 11.395, 16.09, 17.598, 3.99, 19.845, 6.642, 5.502, 16.642, 0.0]], "t_ij": [[0.0, 26.95, 8.25, 23.167, 24.017, 28.95, 32.083, 14.0, 36.133, 10.583, 16.467, 31.383, 9.583], [25.95, 0.0, 30.4, 10.483, 18.35, 21.3, 25.117, 15.1, 24.7, 28.4, 11.067, 26.367, 21.367], [8.267, 29.233, 0.0, 25.7, 23.25, 31.217, 33.9, 17.967, 36.667, 9.033, 20.583, 30.733, 10.717], [22.0, 10.0, 25.633, 0.0, 24.467, 28.133, 31.6, 14.483, 31.583, 29.483, 15.8, 32.433, 19.733], [21.533, 20.167, 23.117, 26.083, 0.0, 9.117, 13.4, 15.367, 16.033, 22.733, 12.433, 9.95, 15.0], [28.2, 22.367, 30.717, 27.983, 9.8, 0.0, 7.267, 17.6, 8.933, 31.133, 15.017, 7.433, 22.717], [30.917, 25.5, 32.4, 28.7, 12.1, 6.933, 0.0, 20.417, 3.65, 32.367, 17.767, 7.35, 24.283], [13.917, 15.233, 16.833, 13.2, 13.567, 16.35, 19.7, 0.0, 22.533, 16.617, 4.467, 20.767, 8.767], [33.5, 23.983, 35.417, 27.667, 16.0, 9.25, 4.583, 23.55, 0.0, 35.667, 21.0, 11.083, 28.267], [10.65, 26.25, 9.333, 24.3, 21.15, 29.2, 31.85, 16.833, 34.967, 0.0, 19.317, 29.1, 9.867], [15.033, 13.933, 19.45, 14.967, 12.0, 14.633, 17.483, 4.2, 21.133, 19.567, 0.0, 19.433, 11.6], [27.317, 26.067, 28.717, 28.333, 9.383, 7.6, 8.067, 21.167, 11.0, 29.1, 18.617, 0.0, 21.517], [7.983, 19.067, 10.45, 18.317, 16.367, 22.883, 26.4, 9.9, 28.933, 10.967, 10.967, 22.95, 0.0]]}