{"SER_NUM": 16, "VEH_NUM": 5, "c_1": 7, "c_2": 0.08, "c_3": 550, "c_4": 1.2, "phi_0": 0.0002, "yita": 0.0004, "omega": 60, "Q": 5400, "Q_h": 45, "M": 444444, "N_s": ["1", "2", "3", "4", "5", "6", "7", "8", "9", "10", "11", "12", "13", "14", "15", "16"], "N": ["0", "1", "2", "3", "4", "5", "6", "7", "8", "9", "10", "11", "12", "13", "14", "15", "16"], "K": ["1", "2", "3", "4", "5"], "ser_node": [4, 5, 7, 16, 30, 32, 44, 48, 51, 54, 61, 63, 67, 70, 71, 72], "ser_class": ["HS", "HS", "HS", "HS", "GS", "GS", "GS", "GS", "CS", "CS", "CS", "CS", "CS", "CS", "CS", "CS"], "d_h_i": {"1": 3.0, "2": 5.0, "3": 3.0, "4": 4.0, "5": 0, "6": 0, "7": 0, "8": 0, "9": 3.0, "10": 4.0, "11": 4.0, "12": 2.0, "13": 3.0, "14": 4.0, "15": 4.0, "16": 4.0}, "p_h_i": {"1": 4.0, "2": 4.0, "3": 3.0, "4": 4.0, "5": 0, "6": 0, "7": 0, "8": 0, "9": 3.0, "10": 3.0, "11": 4.0, "12": 3.0, "13": 4.0, "14": 4.0, "15": 3.0, "16": 4.0}, "d_g_i": {"1": 0, "2": 0, "3": 0, "4": 0, "5": 199.0, "6": 227.0, "7": 208.0, "8": 200.0, "9": 192.0, "10": 162.0, "11": 155.0, "12": 225.0, "13": 238.0, "14": 213.0, "15": 297.0, "16": 349.0}, "p_g_i": {"1": 0, "2": 0, "3": 0, "4": 0, "5": 252.0, "6": 242.0, "7": 188.0, "8": 253.0, "9": 279.0, "10": 293.0, "11": 181.0, "12": 252.0, "13": 299.0, "14": 161.0, "15": 214.0, "16": 239.0}, "D_h": 43.0, "P_h": 43.0, "D_g": 2665.0, "P_g": 2853.0, "s_i": {"0": 0, "1": 2, "2": 1, "3": 5, "4": 3, "5": 11, "6": 11, "7": 12, "8": 1, "9": 14, "10": 11, "11": 3, "12": 15, "13": 9, "14": 5, "15": 2, "16": 11}, "a_i": {"1": 0, "2": 0, "3": 0, "4": 0, "5": 68.34000000000002, "6": 0, "7": 68.34000000000002, "8": 68.34000000000002, "9": 68.34000000000002, "10": 0, "11": 0, "12": 68.34000000000002, "13": 68.34000000000002, "14": 68.34000000000002, "15": 68.34000000000002, "16": 0}, "b_i": {"1": 615.0600000000001, "2": 615.0600000000001, "3": 615.0600000000001, "4": 615.0600000000001, "5": 683.4000000000001, "6": 615.0600000000001, "7": 683.4000000000001, "8": 683.4000000000001, "9": 683.4000000000001, "10": 615.0600000000001, "11": 615.0600000000001, "12": 683.4000000000001, "13": 683.4000000000001, "14": 683.4000000000001, "15": 683.4000000000001, "16": 615.0600000000001}, "delta_ij": [[0.0, 10.758, 3.053, 9.753, 4.112, 13.282, 1.756, 18.084, 19.592, 5.88, 21.839, 4.813, 7.459, 6.703, 18.529, 2.939, 5.719], [10.352, 0.0, 13.152, 3.647, 7.501, 13.964, 11.887, 16.704, 18.212, 6.532, 17.136, 18.472, 7.338, 6.833, 19.879, 9.82, 5.099], [3.056, 13.103, 0.0, 12.098, 6.382, 14.946, 2.109, 20.362, 22.191, 8.33, 24.438, 3.829, 9.764, 8.003, 20.193, 4.48, 8.044], [8.908, 3.712, 12.142, 0.0, 7.507, 14.976, 10.877, 17.716, 19.224, 6.136, 20.174, 14.154, 7.091, 7.675, 20.694, 9.444, 4.88], [3.752, 7.924, 6.375, 7.553, 0.0, 10.824, 5.088, 14.698, 16.206, 2.494, 18.453, 8.125, 3.674, 3.069, 16.116, 2.212, 2.953], [13.401, 14.373, 14.951, 14.987, 10.824, 0.0, 14.616, 5.384, 6.892, 10.195, 10.022, 16.701, 8.33, 8.151, 5.777, 10.989, 11.952], [1.756, 13.718, 2.137, 13.292, 5.094, 14.547, 0.0, 19.19, 20.698, 6.986, 24.039, 5.427, 8.565, 7.604, 19.794, 4.081, 9.678], [17.201, 17.114, 20.399, 17.728, 14.35, 5.385, 19.181, 0.0, 1.962, 12.525, 4.209, 22.15, 11.071, 12.745, 2.803, 16.345, 14.238], [18.708, 18.702, 22.13, 19.235, 16.186, 7.709, 21.795, 1.961, 0.0, 14.032, 2.345, 23.88, 12.578, 14.22, 3.872, 18.168, 15.745], [5.022, 6.399, 8.358, 6.028, 2.171, 9.81, 8.023, 12.55, 14.058, 0.0, 16.305, 10.108, 1.925, 2.488, 15.725, 4.396, 2.059], [20.756, 16.414, 24.447, 18.407, 18.556, 9.209, 22.725, 4.278, 2.415, 16.349, 0.0, 27.066, 14.895, 16.537, 5.711, 20.485, 16.094], [4.818, 15.539, 3.835, 14.364, 8.136, 16.7, 5.493, 22.116, 23.945, 10.084, 26.192, 0.0, 11.631, 9.757, 21.947, 6.234, 10.075], [6.651, 7.145, 9.84, 7.178, 3.8, 8.406, 8.631, 11.146, 12.654, 1.975, 14.901, 11.59, 0.0, 2.246, 14.321, 5.878, 3.688], [6.39, 8.377, 8.053, 7.736, 3.14, 7.752, 7.718, 12.29, 13.798, 2.503, 16.045, 9.803, 2.22, 0.0, 12.999, 4.091, 4.216], [18.643, 20.367, 20.193, 20.9, 16.066, 5.772, 19.858, 3.022, 3.454, 15.529, 6.112, 21.943, 14.243, 13.393, 0.0, 16.231, 17.41], [2.3, 9.353, 4.892, 8.279, 1.903, 11.395, 3.636, 16.09, 17.598, 3.99, 19.845, 6.642, 5.502, 4.452, 16.642, 0.0, 3.874], [4.824, 5.268, 8.364, 4.897, 2.895, 11.483, 6.804, 14.223, 15.731, 1.78, 16.744, 10.114, 3.598, 4.152, 17.398, 4.201, 0.0]], "t_ij": [[0.0, 26.95, 8.25, 23.167, 12.05, 24.017, 12.45, 28.95, 32.083, 14.0, 36.133, 10.583, 16.467, 15.567, 31.383, 9.583, 13.617], [25.95, 0.0, 30.4, 10.483, 18.833, 18.35, 27.8, 21.3, 25.117, 15.1, 24.7, 28.4, 11.067, 16.233, 26.367, 21.367, 13.833], [8.267, 29.233, 0.0, 25.7, 16.783, 23.25, 7.217, 31.217, 33.9, 17.967, 36.667, 9.033, 20.583, 16.233, 30.733, 10.717, 18.75], [22.0, 10.0, 25.633, 0.0, 16.717, 24.467, 24.483, 28.133, 31.6, 14.483, 31.583, 29.483, 15.8, 16.483, 32.433, 19.733, 12.433], [11.2, 19.433, 15.3, 16.183, 0.0, 16.517, 14.433, 21.9, 25.533, 7.45, 28.617, 14.95, 9.9, 7.8, 24.233, 7.5, 7.917], [21.533, 20.167, 23.117, 26.083, 16.65, 0.0, 23.083, 9.117, 13.4, 15.367, 16.033, 22.733, 12.433, 10.617, 9.95, 15.0, 17.583], [9.683, 27.567, 9.333, 23.133, 23.033, 27.317, 0.0, 35.15, 38.933, 21.1, 40.2, 15.3, 23.8, 19.883, 33.65, 14.517, 18.0], [28.2, 22.367, 30.717, 27.983, 21.733, 9.8, 32.55, 0.0, 7.267, 17.6, 8.933, 31.133, 15.017, 17.55, 7.433, 22.717, 20.2], [30.917, 25.5, 32.4, 28.7, 24.967, 12.1, 32.267, 6.933, 0.0, 20.417, 3.65, 32.367, 17.767, 21.017, 7.35, 24.283, 22.917], [13.917, 15.233, 16.833, 13.2, 7.233, 13.567, 16.683, 16.35, 19.7, 0.0, 22.533, 16.617, 4.467, 4.9, 20.767, 8.767, 4.133], [33.5, 23.983, 35.417, 27.667, 27.95, 16.0, 34.967, 9.25, 4.583, 23.55, 0.0, 35.667, 21.0, 24.183, 11.083, 28.267, 23.767], [10.65, 26.25, 9.333, 24.3, 14.167, 21.15, 11.7, 29.2, 31.85, 16.833, 34.967, 0.0, 19.317, 15.233, 29.1, 9.867, 17.183], [15.033, 13.933, 19.45, 14.967, 9.483, 12.0, 19.067, 14.633, 17.483, 4.2, 21.133, 19.567, 0.0, 7.067, 19.433, 11.6, 7.65], [14.5, 14.4, 15.867, 14.967, 8.55, 10.317, 15.75, 15.1, 18.633, 7.417, 21.75, 16.05, 7.317, 0.0, 16.867, 8.15, 9.317], [27.317, 26.067, 28.717, 28.333, 22.967, 9.383, 28.533, 7.6, 8.067, 21.167, 11.0, 29.1, 18.617, 17.467, 0.0, 21.517, 23.35], [7.983, 19.067, 10.45, 18.317, 7.217, 16.367, 10.983, 22.883, 26.4, 9.9, 28.933, 10.967, 10.967, 9.183, 22.95, 0.0, 10.167], [12.8, 12.833, 17.6, 11.8, 7.567, 16.383, 16.883, 18.917, 21.817, 4.817, 25.15, 18.15, 7.933, 8.583, 23.467, 10.483, 0.0]]}