{"SER_NUM": 20, "VEH_NUM": 5, "c_1": 7, "c_2": 0.08, "c_3": 550, "c_4": 1.2, "phi_0": 0.0002, "yita": 0.0004, "omega": 60, "Q": 5400, "Q_h": 45, "M": 444444, "N_s": ["1", "2", "3", "4", "5", "6", "7", "8", "9", "10", "11", "12", "13", "14", "15", "16", "17", "18", "19", "20"], "N": ["0", "1", "2", "3", "4", "5", "6", "7", "8", "9", "10", "11", "12", "13", "14", "15", "16", "17", "18", "19", "20"], "K": ["1", "2", "3", "4", "5"], "ser_node": [4, 5, 7, 16, 19, 30, 32, 44, 45, 48, 51, 52, 54, 55, 61, 63, 67, 70, 71, 72], "ser_class": ["HS", "HS", "HS", "HS", "HS", "GS", "GS", "GS", "GS", "GS", "CS", "CS", "CS", "CS", "CS", "CS", "CS", "CS", "CS", "CS"], "d_h_i": {"1": 4.0, "2": 4.0, "3": 3.0, "4": 3.0, "5": 3.0, "6": 0, "7": 0, "8": 0, "9": 0, "10": 0, "11": 4.0, "12": 4.0, "13": 4.0, "14": 5.0, "15": 4.0, "16": 3.0, "17": 3.0, "18": 4.0, "19": 4.0, "20": 4.0}, "p_h_i": {"1": 3.0, "2": 3.0, "3": 4.0, "4": 3.0, "5": 4.0, "6": 0, "7": 0, "8": 0, "9": 0, "10": 0, "11": 3.0, "12": 3.0, "13": 4.0, "14": 3.0, "15": 5.0, "16": 4.0, "17": 3.0, "18": 5.0, "19": 4.0, "20": 3.0}, "d_g_i": {"1": 0, "2": 0, "3": 0, "4": 0, "5": 0, "6": 259.0, "7": 229.0, "8": 288.0, "9": 218.0, "10": 199.0, "11": 210.0, "12": 239.0, "13": 169.0, "14": 209.0, "15": 182.0, "16": 267.0, "17": 257.0, "18": 219.0, "19": 233.0, "20": 230.0}, "p_g_i": {"1": 0, "2": 0, "3": 0, "4": 0, "5": 0, "6": 209.0, "7": 276.0, "8": 258.0, "9": 288.0, "10": 230.0, "11": 229.0, "12": 201.0, "13": 176.0, "14": 250.0, "15": 133.0, "16": 187.0, "17": 191.0, "18": 204.0, "19": 221.0, "20": 271.0}, "D_h": 56.0, "P_h": 54.0, "D_g": 3408.0, "P_g": 3324.0, "s_i": {"0": 0, "1": 1, "2": 5, "3": 3, "4": 3, "5": 0, "6": 10, "7": 9, "8": 7, "9": 0, "10": 1, "11": 11, "12": 11, "13": 16, "14": 2, "15": 17, "16": 18, "17": 12, "18": 15, "19": 0, "20": 7}, "a_i": {"1": 0, "2": 0, "3": 87.29070000000002, "4": 0, "5": 87.29070000000002, "6": 0, "7": 0, "8": 87.29070000000002, "9": 87.29070000000002, "10": 87.29070000000002, "11": 0, "12": 87.29070000000002, "13": 0, "14": 0, "15": 87.29070000000002, "16": 87.29070000000002, "17": 0, "18": 87.29070000000002, "19": 87.29070000000002, "20": 0}, "b_i": {"1": 785.6163, "2": 785.6163, "3": 872.907, "4": 785.6163, "5": 872.907, "6": 785.6163, "7": 785.6163, "8": 872.907, "9": 872.907, "10": 872.907, "11": 785.6163, "12": 872.907, "13": 785.6163, "14": 785.6163, "15": 872.907, "16": 872.907, "17": 785.6163, "18": 872.907, "19": 872.907, "20": 785.6163}, "delta_ij": [[0.0, 10.758, 3.053, 9.753, 4.112, 21.209, 13.282, 1.756, 18.084, 7.865, 19.592, 5.88, 2.241, 21.839, 13.733, 4.813, 7.459, 6.703, 18.529, 2.939, 5.719], [10.352, 0.0, 13.152, 3.647, 7.501, 17.224, 13.964, 11.887, 16.704, 17.895, 18.212, 6.532, 9.235, 17.136, 13.849, 18.472, 7.338, 6.833, 19.879, 9.82, 5.099], [3.056, 13.103, 0.0, 12.098, 6.382, 23.858, 14.946, 2.109, 20.362, 5.822, 22.191, 8.33, 4.734, 24.438, 15.276, 3.829, 9.764, 8.003, 20.193, 4.48, 8.044], [8.908, 3.712, 12.142, 0.0, 7.507, 20.496, 14.976, 10.877, 17.716, 17.157, 19.224, 6.136, 7.96, 20.174, 14.652, 14.154, 7.091, 7.675, 20.694, 9.444, 4.88], [3.752, 7.924, 6.375, 7.553, 0.0, 17.873, 10.824, 5.088, 14.698, 11.187, 16.206, 2.494, 1.826, 18.453, 11.154, 8.125, 3.674, 3.069, 16.116, 2.212, 2.953], [20.374, 17.142, 23.796, 19.135, 17.905, 0.0, 8.558, 23.461, 3.627, 28.608, 1.764, 15.698, 20.088, 0.728, 8.443, 25.546, 14.244, 16.996, 5.538, 19.834, 16.822], [13.401, 14.373, 14.951, 14.987, 10.824, 8.559, 0.0, 14.616, 5.384, 19.763, 6.892, 10.195, 11.243, 10.022, 0.331, 16.701, 8.33, 8.151, 5.777, 10.989, 11.952], [1.756, 13.718, 2.137, 13.292, 5.094, 23.459, 14.547, 0.0, 19.19, 6.496, 20.698, 6.986, 4.335, 24.039, 14.877, 5.427, 8.565, 7.604, 19.794, 4.081, 9.678], [17.201, 17.114, 20.399, 17.728, 14.35, 3.629, 5.385, 19.181, 0.0, 25.211, 1.962, 12.525, 16.044, 4.209, 5.27, 22.15, 11.071, 12.745, 2.803, 16.345, 14.238], [7.584, 18.038, 5.707, 17.244, 11.069, 28.545, 19.633, 6.372, 25.092, 0.0, 26.878, 13.017, 9.421, 29.125, 19.963, 6.811, 14.451, 12.69, 24.88, 9.167, 12.653], [18.708, 18.702, 22.13, 19.235, 16.186, 1.765, 7.709, 21.795, 1.961, 26.942, 0.0, 14.032, 18.422, 2.345, 6.777, 23.88, 12.578, 14.22, 3.872, 18.168, 15.745], [5.022, 6.399, 8.358, 6.028, 2.171, 15.725, 9.81, 8.023, 12.55, 13.17, 14.058, 0.0, 3.957, 16.305, 9.486, 10.108, 1.925, 2.488, 15.725, 4.396, 2.059], [2.231, 9.089, 4.823, 7.973, 1.639, 19.038, 11.326, 3.567, 15.863, 9.635, 17.371, 3.659, 0.0, 19.618, 11.656, 6.573, 5.238, 4.159, 16.573, 0.66, 3.805], [20.756, 16.414, 24.447, 18.407, 18.556, 0.799, 9.209, 22.725, 4.278, 29.259, 2.415, 16.349, 19.908, 0.0, 9.094, 27.066, 14.895, 16.537, 5.711, 20.485, 16.094], [13.731, 13.726, 15.281, 15.719, 11.154, 8.444, 0.331, 14.946, 5.269, 20.093, 6.777, 9.467, 11.573, 9.024, 0.0, 17.031, 8.013, 8.481, 6.107, 11.014, 11.18], [4.818, 15.539, 3.835, 14.364, 8.136, 25.291, 16.7, 5.493, 22.116, 6.921, 23.945, 10.084, 6.488, 26.192, 17.03, 0.0, 11.631, 9.757, 21.947, 6.234, 10.075], [6.651, 7.145, 9.84, 7.178, 3.8, 14.321, 8.406, 8.631, 11.146, 14.652, 12.654, 1.975, 5.557, 14.901, 8.082, 11.59, 0.0, 2.246, 14.321, 5.878, 3.688], [6.39, 8.377, 8.053, 7.736, 3.14, 15.465, 7.752, 7.718, 12.29, 12.865, 13.798, 2.503, 4.345, 16.045, 8.082, 9.803, 2.22, 0.0, 12.999, 4.091, 4.216], [18.643, 20.367, 20.193, 20.9, 16.066, 5.121, 5.772, 19.858, 3.022, 25.005, 3.454, 15.529, 16.485, 6.112, 6.102, 21.943, 14.243, 13.393, 0.0, 16.231, 17.41], [2.3, 9.353, 4.892, 8.279, 1.903, 19.265, 11.395, 3.636, 16.09, 9.704, 17.598, 3.99, 0.255, 19.845, 11.725, 6.642, 5.502, 4.452, 16.642, 0.0, 3.874], [4.824, 5.268, 8.364, 4.897, 2.895, 17.398, 11.483, 6.804, 14.223, 13.176, 15.731, 1.78, 3.805, 16.744, 11.159, 10.114, 3.598, 4.152, 17.398, 4.201, 0.0]],