{"SER_NUM": 8, "VEH_NUM": 3, "c_1": 7, "c_2": 0.08, "c_3": 550, "c_4": 1.2, "phi_0": 0.0002, "yita": 0.0004, "omega": 60, "Q": 5400, "Q_h": 45, "M": 444444, "N_s": ["1", "2", "3", "4", "5", "6", "7", "8"], "N": ["0", "1", "2", "3", "4", "5", "6", "7", "8"], "K": ["1", "2", "3"], "ser_node": [5, 7, 30, 44, 51, 61, 63, 70], "ser_class": ["HS", "HS", "GS", "GS", "CS", "CS", "CS", "CS"], "d_h_i": {"1": 3.0, "2": 5.0, "3": 0, "4": 0, "5": 5.0, "6": 5.0, "7": 4.0, "8": 5.0}, "p_h_i": {"1": 3.0, "2": 4.0, "3": 0, "4": 0, "5": 4.0, "6": 4.0, "7": 4.0, "8": 3.0}, "d_g_i": {"1": 0, "2": 0, "3": 285.0, "4": 269.0, "5": 260.0, "6": 182.0, "7": 268.0, "8": 244.0}, "p_g_i": {"1": 0, "2": 0, "3": 277.0, "4": 230.0, "5": 233.0, "6": 198.0, "7": 196.0, "8": 238.0}, "D_h": 27.0, "P_h": 22.0, "D_g": 1508.0, "P_g": 1372.0, "s_i": {"0": 0, "1": 2, "2": 3, "3": 15, "4": 1, "5": 0, "6": 5, "7": 15, "8": 14}, "a_i": {"1": 0, "2": 29.189700000000002, "3": 0, "4": 29.189700000000002, "5": 0, "6": 0, "7": 29.189700000000002, "8": 29.189700000000002}, "b_i": {"1": 262.7073, "2": 291.897, "3": 262.7073, "4": 291.897, "5": 262.7073, "6": 262.7073, "7": 291.897, "8": 291.897}, "delta_ij": [[0.0, 3.053, 9.753, 13.282, 18.084, 5.88, 4.813, 7.459, 18.529], [3.056, 0.0, 12.098, 14.946, 20.362, 8.33, 3.829, 9.764, 20.193], [8.908, 12.142, 0.0, 14.976, 17.716, 6.136, 14.154, 7.091, 20.694], [13.401, 14.951, 14.987, 0.0, 5.384, 10.195, 16.701, 8.33, 5.777], [17.201, 20.399, 17.728, 5.385, 0.0, 12.525, 22.15, 11.071, 2.803], [5.022, 8.358, 6.028, 9.81, 12.55, 0.0, 10.108, 1.925, 15.725], [4.818, 3.835, 14.364, 16.7, 22.116, 10.084, 0.0, 11.631, 21.947], [6.651, 9.84, 7.178, 8.406, 11.146, 1.975, 11.59, 0.0, 14.321], [18.643, 20.193, 20.9, 5.772, 3.022, 15.529, 21.943, 14.243, 0.0]], "t_ij": [[0.0, 8.25, 23.167, 24.017, 28.95, 14.0, 10.583, 16.467, 31.383], [8.267, 0.0, 25.7, 23.25, 31.217, 17.967, 9.033, 20.583, 30.733], [22.0, 25.633, 0.0, 24.467, 28.133, 14.483, 29.483, 15.8, 32.433], [21.533, 23.117, 26.083, 0.0, 9.117, 15.367, 22.733, 12.433, 9.95], [28.2, 30.717, 27.983, 9.8, 0.0, 17.6, 31.133, 15.017, 7.433], [13.917, 16.833, 13.2, 13.567, 16.35, 0.0, 16.617, 4.467, 20.767], [10.65, 9.333, 24.3, 21.15, 29.2, 16.833, 0.0, 19.317, 29.1], [15.033, 19.45, 14.967, 12.0, 14.633, 4.2, 19.567, 0.0, 19.433], [27.317, 28.717, 28.333, 9.383, 7.6, 21.167, 29.1, 18.617, 0.0]]}