{"SER_NUM": 9, "VEH_NUM": 3, "c_1": 7, "c_2": 0.08, "c_3": 550, "c_4": 1.2, "phi_0": 0.0002, "yita": 0.0004, "omega": 60, "Q": 5400, "Q_h": 45, "M": 444444, "N_s": ["1", "2", "3", "7", "8", "9", "10", "11", "12"], "N": ["0", "1", "2", "3", "7", "8", "9", "10", "11", "12"], "K": ["1", "2", "3"], "ser_node": [11, 17, 22, 28, 44, 47, 55, 59, 64, 65, 71, 72], "ser_class": ["HS", "HS", "HS", "GS", "GS", "GS", "CS", "CS", "CS", "CS", "CS", "CS"], "d_h_i": {"1": 4.0, "2": 4.0, "3": 4.0, "7": 3.0, "8": 4.0, "9": 6.0, "10": 5.0, "11": 5.0, "12": 5.0}, "p_h_i": {"1": 5.0, "2": 4.0, "3": 4.0, "7": 6.0, "8": 3.0, "9": 4.0, "10": 4.0, "11": 3.0, "12": 2.0}, "d_g_i": {"1": 0, "2": 0, "3": 0, "7": 0, "8": 0, "9": 0, "10": 0, "11": 0, "12": 0}, "p_g_i": {"1": 0, "2": 0, "3": 0, "7": 0, "8": 0, "9": 0, "10": 0, "11": 0, "12": 0}, "D_h": 40.0, "P_h": 35.0, "D_g": 0, "P_g": 0, "s_i": {"0": 0, "1": 0, "2": 1, "3": 0, "7": 7, "8": 16, "9": 12, "10": 11, "11": 8, "12": 10}, "a_i": {"1": 0, "2": 43.615, "3": 0, "7": 0, "8": 0, "9": 43.615, "10": 43.615, "11": 43.615, "12": 0}, "b_i": {"1": 392.53499999999997, "2": 436.15, "3": 392.53499999999997, "7": 392.53499999999997, "8": 392.53499999999997, "9": 436.15, "10": 436.15, "11": 436.15, "12": 392.53499999999997}, "delta_ij": [[0.0, 3.75, 2.219, 3.377, 7.911, 18.084, 17.249, 13.733, 4.471, 2.543, 11.134, 2.939, 5.719], [3.231, 0.0, 3.847, 4.681, 4.963, 18.165, 17.38, 14.526, 2.814, 3.898, 8.538, 4.92, 4.062], [2.282, 3.94, 0.0, 7.699, 8.462, 20.534, 19.749, 18.505, 5.002, 5.226, 13.546, 7.709, 6.25], [3.676, 4.869, 5.67, 0.0, 6.493, 14.483, 13.698, 10.984, 2.818, 1.531, 9.212, 2.136, 3.259], [7.062, 4.739, 8.362, 6.486, 0.0, 18.098, 17.313, 15.034, 4.624, 5.863, 3.48, 6.535, 5.833], [17.201, 18.146, 18.512, 14.508, 18.119, 0.0, 1.689, 5.27, 15.282, 15.768, 18.755, 16.345, 14.238], [16.402, 17.347, 17.713, 13.709, 17.32, 1.676, 0.0, 4.471, 14.483, 14.969, 17.956, 15.639, 13.439], [13.731, 14.517, 15.843, 10.983, 15.061, 5.269, 4.484, 0.0, 12.224, 12.026, 15.899, 11.014, 11.18], [3.689, 3.02, 4.889, 2.851, 4.644, 15.269, 14.484, 12.205, 0.0, 2.283, 7.867, 2.955, 1.249], [2.542, 3.844, 5.749, 1.531, 5.87, 15.734, 14.949, 12.02, 2.27, 0.0, 9.093, 1.024, 3.518], [10.176, 7.99, 11.476, 8.858, 3.371, 18.773, 17.988, 15.918, 7.337, 8.977, 0.0, 9.649, 6.293], [2.3, 4.357, 5.454, 1.522, 6.226, 16.09, 15.305, 11.725, 2.626, 0.708, 9.449, 0.0, 3.874], [4.824, 4.266, 6.135, 3.117, 5.288, 14.223, 13.438, 11.159, 1.247, 3.529, 6.368, 4.201, 0.0]], "t_ij": [[0.0, 10.217, 7.683, 13.1, 16.967, 28.95, 28.467, 24.35, 11.367, 10.733, 23.117, 9.583, 13.617], [10.317, 0.0, 8.917, 13.883, 9.083, 28.167, 26.433, 25.967, 8.267, 13.117, 15.9, 14.733, 10.6], [8.533, 10.983, 0.0, 19.617, 18.367, 33.55, 32.617, 29.233, 15.85, 17.083, 24.95, 16.2, 17.617], [11.317, 12.867, 17.017, 0.0, 14.083, 21.517, 19.983, 17.017, 8.3, 7.15, 20.5, 7.283, 8.033], [17.083, 8.883, 16.017, 15.667, 0.0, 28.7, 27.433, 25.65, 10.417, 14.067, 7.933, 15.683, 11.367], [28.2, 26.217, 31.083, 21.283, 27.933, 0.0, 4.233, 9.767, 21.033, 23.667, 25.867, 22.717, 20.2], [25.933, 23.283, 28.95, 18.7, 23.067, 4.217, 0.0, 7.3, 18.333, 21.417, 23.0, 20.133, 17.4], [22.117, 23.817, 25.333, 16.367, 23.117, 8.883, 7.567, 0.0, 17.6, 18.133, 22.283, 16.45, 16.6], [10.333, 7.65, 14.283, 8.533, 8.6, 20.917, 19.433, 18.217, 0.0, 7.3, 14.017, 8.3, 2.2], [7.883, 10.85, 13.35, 4.567, 13.133, 21.7, 20.367, 17.967, 8.183, 0.0, 18.667, 3.05, 9.883], [19.583, 14.267, 20.25, 18.4, 7.633, 23.717, 22.45, 21.4, 13.883, 17.767, 0.0, 19.067, 13.033], [7.983, 11.783, 12.367, 4.7, 14.167, 22.883, 21.517, 17.25, 8.05, 2.5, 19.8, 0.0, 10.167], [12.8, 9.083, 15.8, 8.1, 11.283, 18.917, 17.033, 15.85, 2.25, 9.0, 14.55, 10.483, 0.0]]}