{"SER_NUM": 9, "VEH_NUM": 3, "c_1": 7, "c_2": 0.08, "c_3": 550, "c_4": 1.2, "phi_0": 0.0002, "yita": 0.0004, "omega": 60, "Q": 5400, "Q_h": 45, "M": 444444, "N_s": ["4", "5", "6", "7", "8", "9", "10", "11", "12"], "N": ["0", "4", "5", "6", "7", "8", "9", "10", "11", "12"], "K": ["1", "2", "3"], "ser_node": [15, 16, 18, 25, 26, 45, 51, 53, 56, 62, 70, 72], "ser_class": ["HS", "HS", "HS", "GS", "GS", "GS", "CS", "CS", "CS", "CS", "CS", "CS"], "d_h_i": {"4": 0, "5": 0, "6": 0, "7": 0, "8": 0, "9": 0, "10": 0, "11": 0, "12": 0}, "p_h_i": {"4": 0, "5": 0, "6": 0, "7": 0, "8": 0, "9": 0, "10": 0, "11": 0, "12": 0}, "d_g_i": {"4": 276.0, "5": 217.0, "6": 207.0, "7": 230.0, "8": 224.0, "9": 278.0, "10": 185.0, "11": 288.0, "12": 177.0}, "p_g_i": {"4": 144.0, "5": 239.0, "6": 177.0, "7": 275.0, "8": 236.0, "9": 181.0, "10": 251.0, "11": 216.0, "12": 232.0}, "D_h": 0, "P_h": 0, "D_g": 2082.0, "P_g": 1951.0, "s_i": {"0": 0, "4": 13, "5": 11, "6": 5, "7": 12, "8": 11, "9": 4, "10": 19, "11": 2, "12": 12}, "a_i": {"4": 0, "5": 0, "6": 47.297900000000006, "7": 0, "8": 47.297900000000006, "9": 0, "10": 0, "11": 47.297900000000006, "12": 47.297900000000006}, "b_i": {"4": 425.6811000000001, "5": 425.6811000000001, "6": 472.97900000000004, "7": 425.6811000000001, "8": 472.97900000000004, "9": 425.6811000000001, "10": 425.6811000000001, "11": 472.97900000000004, "12": 472.97900000000004}, "delta_ij": [[0.0, 0.825, 4.112, 13.461, 3.036, 15.766, 7.865, 5.88, 4.865, 19.045, 4.135, 18.529, 5.719], [0.825, 0.0, 2.929, 12.535, 2.06, 14.893, 8.27, 4.904, 3.933, 18.119, 3.671, 17.825, 4.743], [3.752, 2.927, 0.0, 9.726, 2.987, 12.753, 11.187, 2.494, 3.044, 15.709, 7.457, 16.116, 2.953], [12.867, 12.862, 10.398, 0.0, 9.707, 8.953, 20.933, 8.191, 8.158, 15.141, 15.048, 19.278, 6.966], [2.148, 2.069, 3.078, 9.471, 0.0, 11.85, 10.435, 3.918, 2.063, 17.133, 6.125, 19.297, 2.789], [14.916, 14.911, 12.686, 8.963, 12.029, 0.0, 23.221, 10.24, 10.48, 7.274, 17.37, 11.666, 9.288], [7.584, 7.989, 11.069, 20.564, 9.945, 22.686, 0.0, 13.017, 11.819, 26.116, 4.862, 24.88, 12.653], [5.022, 5.046, 2.171, 7.977, 3.917, 10.232, 13.17, 0.0, 3.729, 13.561, 8.359, 15.725, 2.059], [3.947, 3.868, 2.923, 8.336, 1.989, 10.613, 11.924, 3.861, 0.0, 17.076, 7.21, 19.24, 3.014], [18.267, 18.251, 15.798, 14.928, 17.162, 7.418, 26.296, 13.591, 16.445, 0.0, 22.566, 3.935, 15.304], [3.266, 3.671, 7.463, 14.793, 6.124, 17.443, 4.986, 8.336, 7.283, 21.551, 0.0, 21.274, 9.136], [18.643, 17.818, 16.066, 18.883, 19.1, 11.991, 25.005, 15.529, 19.312, 4.001, 21.275, 0.0, 17.41], [4.824, 4.894, 2.895, 6.885, 2.787, 9.162, 13.176, 1.78, 1.973, 15.234, 9.15, 17.398, 0.0]], "t_ij": [[0.0, 3.9, 12.05, 25.233, 8.933, 27.1, 13.85, 14.0, 13.3, 31.733, 9.417, 31.383, 13.617], [3.033, 0.0, 9.467, 22.867, 7.767, 26.483, 14.6, 12.617, 12.2, 29.283, 9.367, 26.683, 12.3], [11.2, 8.4, 0.0, 17.683, 9.683, 21.15, 20.617, 7.45, 10.417, 23.917, 16.367, 24.233, 7.917], [24.083, 22.283, 17.55, 0.0, 20.133, 13.1, 32.067, 12.6, 16.483, 21.467, 28.35, 24.933, 14.95], [7.617, 7.317, 9.283, 19.45, 0.0, 23.183, 19.283, 10.283, 7.45, 26.65, 12.1, 29.917, 7.283], [25.817, 24.483, 19.183, 11.467, 21.167, 0.0, 33.65, 15.067, 17.517, 11.85, 29.35, 15.467, 15.967], [12.567, 14.317, 19.917, 30.933, 17.9, 33.7, 0.0, 21.817, 20.467, 35.95, 7.417, 34.117, 23.667], [13.917, 11.75, 7.233, 11.967, 10.1, 14.917, 21.9, 0.0, 8.133, 18.15, 20.05, 20.767, 4.133], [11.65, 11.667, 10.117, 16.867, 7.283, 19.483, 20.15, 10.9, 0.0, 26.467, 14.05, 28.8, 7.967], [28.9, 27.95, 23.0, 20.317, 25.8, 12.183, 36.383, 18.6, 24.217, 0.0, 32.25, 10.1, 20.983], [7.917, 9.9, 16.633, 24.5, 11.15, 27.783, 7.783, 17.717, 14.0, 32.483, 0.0, 30.55, 16.967], [27.317, 25.117, 22.967, 23.583, 27.717, 16.033, 33.967, 21.167, 26.6, 10.467, 29.483, 0.0, 23.35], [12.8, 12.15, 7.567, 13.0, 7.483, 15.117, 23.017, 4.817, 7.433, 20.233, 16.85, 23.467, 0.0]]}