{"SER_NUM": 9, "VEH_NUM": 3, "c_1": 7, "c_2": 0.08, "c_3": 550, "c_4": 1.2, "phi_0": 0.0002, "yita": 0.0004, "omega": 60, "Q": 5400, "Q_h": 45, "M": 444444, "N_s": ["4", "5", "6", "7", "8", "9", "10", "11", "12"], "N": ["0", "4", "5", "6", "7", "8", "9", "10", "11", "12"], "K": ["1", "2", "3"], "ser_node": [7, 16, 21, 25, 38, 48, 52, 55, 60, 63, 68, 70], "ser_class": ["HS", "HS", "HS", "GS", "GS", "GS", "CS", "CS", "CS", "CS", "CS", "CS"], "d_h_i": {"4": 0, "5": 0, "6": 0, "7": 0, "8": 0, "9": 0, "10": 0, "11": 0, "12": 0}, "p_h_i": {"4": 0, "5": 0, "6": 0, "7": 0, "8": 0, "9": 0, "10": 0, "11": 0, "12": 0}, "d_g_i": {"4": 210.0, "5": 243.0, "6": 242.0, "7": 198.0, "8": 309.0, "9": 287.0, "10": 196.0, "11": 246.0, "12": 246.0}, "p_g_i": {"4": 230.0, "5": 231.0, "6": 223.0, "7": 261.0, "8": 190.0, "9": 234.0, "10": 273.0, "11": 270.0, "12": 283.0}, "D_h": 0, "P_h": 0, "D_g": 2177.0, "P_g": 2195.0, "s_i": {"0": 0, "4": 14, "5": 5, "6": 1, "7": 12, "8": 1, "9": 4, "10": 18, "11": 18, "12": 18}, "a_i": {"4": 42.83500000000001, "5": 42.83500000000001, "6": 42.83500000000001, "7": 0, "8": 0, "9": 0, "10": 0, "11": 0, "12": 0}, "b_i": {"4": 428.35, "5": 428.35, "6": 428.35, "7": 385.51500000000004, "8": 385.51500000000004, "9": 385.51500000000004, "10": 385.51500000000004, "11": 385.51500000000004, "12": 385.51500000000004}, "delta_ij": [[0.0, 9.753, 4.112, 10.943, 3.036, 0.97, 19.592, 2.241, 13.733, 5.588, 7.459, 19.447, 18.529], [8.908, 0.0, 7.507, 2.478, 6.95, 10.895, 19.224, 7.96, 14.652, 6.046, 7.091, 19.253, 20.694], [3.752, 7.553, 0.0, 8.96, 2.987, 3.864, 16.206, 1.826, 11.154, 1.09, 3.674, 16.287, 16.116], [9.956, 2.242, 8.303, 0.0, 7.998, 10.92, 19.575, 9.033, 15.003, 7.224, 8.701, 18.42, 21.242], [2.148, 7.162, 3.078, 8.141, 0.0, 3.112, 17.63, 3.056, 13.058, 3.626, 5.497, 17.711, 19.297], [0.971, 9.866, 3.871, 11.056, 3.04, 0.0, 19.68, 2.223, 12.765, 5.501, 7.253, 19.429, 17.682], [18.708, 19.235, 16.186, 19.157, 17.603, 19.619, 0.0, 18.422, 6.777, 14.68, 12.578, 1.359, 3.872], [2.231, 7.973, 1.639, 9.189, 3.21, 2.312, 17.371, 0.0, 11.656, 3.367, 5.238, 17.452, 16.573], [13.731, 15.719, 11.154, 14.592, 13.038, 12.77, 6.777, 11.573, 0.0, 10.115, 8.013, 6.806, 6.107], [5.258, 6.509, 1.154, 7.916, 3.663, 5.303, 15.105, 2.881, 10.533, 0.0, 2.972, 15.186, 15.794], [6.651, 7.178, 3.8, 8.398, 5.863, 7.329, 12.654, 5.557, 8.082, 2.623, 0.0, 12.735, 14.321], [18.792, 18.193, 16.323, 17.223, 17.687, 19.398, 1.353, 18.201, 6.861, 14.764, 12.662, 0.0, 3.918], [18.643, 20.9, 16.066, 20.822, 19.1, 17.682, 3.454, 16.485, 6.102, 15.993, 14.243, 4.328, 0.0]], "t_ij": [[0.0, 23.167, 12.05, 23.983, 8.933, 3.683, 32.083, 9.85, 24.35, 13.217, 16.467, 32.95, 31.383], [22.0, 0.0, 16.717, 7.7, 17.033, 22.45, 31.6, 21.6, 24.917, 14.583, 15.8, 31.2, 32.433], [11.2, 16.183, 0.0, 19.417, 9.683, 10.517, 25.533, 7.183, 17.267, 4.517, 9.9, 25.1, 24.233], [21.933, 7.083, 19.033, 0.0, 16.75, 23.567, 28.867, 20.9, 21.717, 16.5, 14.817, 27.383, 29.867], [7.617, 15.333, 9.283, 16.95, 0.0, 8.95, 28.983, 9.483, 21.933, 10.117, 12.783, 28.267, 29.917], [3.367, 22.85, 11.283, 23.45, 9.133, 0.0, 28.4, 7.433, 19.25, 13.283, 16.017, 28.833, 25.25], [30.917, 28.7, 24.967, 26.033, 28.0, 27.933, 0.0, 25.333, 12.667, 22.283, 17.767, 3.283, 7.35], [7.85, 18.783, 4.667, 19.767, 9.533, 7.333, 25.133, 0.0, 17.433, 8.05, 10.717, 24.633, 23.283], [22.117, 22.633, 16.833, 18.95, 21.583, 18.95, 12.65, 16.717, 0.0, 15.883, 11.333, 12.05, 10.383], [13.833, 14.217, 4.0, 16.433, 11.1, 12.667, 22.383, 8.783, 15.967, 0.0, 7.4, 21.8, 22.467], [15.033, 14.967, 9.483, 14.5, 12.333, 14.883, 17.483, 12.35, 11.667, 7.267, 0.0, 17.783, 19.433], [28.417, 27.067, 23.3, 24.617, 26.05, 27.25, 3.3, 25.267, 11.683, 21.283, 16.95, 0.0, 9.183], [27.317, 28.333, 22.967, 26.183, 27.717, 24.45, 8.067, 22.567, 10.233, 22.983, 18.617, 9.283, 0.0]]}