{"SER_NUM": 9, "VEH_NUM": 3, "c_1": 7, "c_2": 0.08, "c_3": 550, "c_4": 1.2, "phi_0": 0.0002, "yita": 0.0004, "omega": 60, "Q": 5400, "Q_h": 45, "M": 444444, "N_s": ["1", "2", "3", "7", "8", "9", "10", "11", "12"], "N": ["0", "1", "2", "3", "7", "8", "9", "10", "11", "12"], "K": ["1", "2", "3"], "ser_node": [7, 14, 15, 25, 37, 42, 51, 58, 61, 62, 67, 68], "ser_class": ["HS", "HS", "HS", "GS", "GS", "GS", "CS", "CS", "CS", "CS", "CS", "CS"], "d_h_i": {"1": 4.0, "2": 4.0, "3": 4.0, "7": 4.0, "8": 4.0, "9": 4.0, "10": 3.0, "11": 4.0, "12": 4.0}, "p_h_i": {"1": 4.0, "2": 5.0, "3": 4.0, "7": 4.0, "8": 3.0, "9": 4.0, "10": 3.0, "11": 3.0, "12": 3.0}, "d_g_i": {"1": 0, "2": 0, "3": 0, "7": 0, "8": 0, "9": 0, "10": 0, "11": 0, "12": 0}, "p_g_i": {"1": 0, "2": 0, "3": 0, "7": 0, "8": 0, "9": 0, "10": 0, "11": 0, "12": 0}, "D_h": 35.0, "P_h": 33.0, "D_g": 0, "P_g": 0, "s_i": {"0": 0, "1": 4, "2": 5, "3": 2, "7": 10, "8": 8, "9": 8, "10": 14, "11": 20, "12": 9}, "a_i": {"1": 43.8529, "2": 43.8529, "3": 0, "7": 0, "8": 43.8529, "9": 43.8529, "10": 0, "11": 43.8529, "12": 0}, "b_i": {"1": 438.52899999999994, "2": 438.52899999999994, "3": 394.67609999999996, "7": 394.67609999999996, "8": 438.52899999999994, "9": 438.52899999999994, "10": 394.67609999999996, "11": 438.52899999999994, "12": 394.67609999999996}, "delta_ij": [[0.0, 9.753, 7.205, 0.825, 3.036, 8.713, 3.377, 5.88, 3.675, 4.813, 4.135, 6.703, 19.447], [8.908, 0.0, 8.177, 8.829, 6.95, 10.723, 7.654, 6.136, 6.788, 14.154, 12.171, 7.675, 19.253], [6.874, 8.179, 0.0, 6.049, 6.517, 2.592, 5.256, 2.946, 6.696, 10.287, 9.619, 0.907, 13.4], [0.825, 8.821, 6.179, 0.0, 2.06, 7.888, 1.6, 4.904, 2.699, 5.569, 3.671, 5.635, 18.697], [2.148, 7.162, 6.525, 2.069, 0.0, 9.029, 2.75, 3.918, 0.639, 7.394, 6.125, 6.051, 17.711], [9.226, 10.734, 2.804, 7.882, 9.061, 0.0, 6.976, 5.501, 9.325, 12.007, 11.339, 3.457, 11.407], [2.518, 7.498, 4.486, 2.054, 2.579, 7.027, 0.0, 3.446, 2.758, 7.223, 6.68, 3.99, 17.239], [5.022, 6.028, 2.981, 5.046, 3.917, 5.57, 3.651, 0.0, 4.096, 10.108, 8.359, 2.488, 14.139], [2.804, 6.717, 6.285, 2.725, 0.656, 8.923, 2.51, 3.678, 0.0, 8.05, 6.781, 5.811, 17.471], [4.818, 14.364, 10.301, 5.566, 7.392, 12.01, 6.915, 10.084, 8.031, 0.0, 6.91, 9.757, 23.694], [3.266, 12.171, 9.628, 3.671, 6.124, 11.337, 6.242, 8.336, 6.644, 6.209, 0.0, 9.084, 22.129], [6.39, 7.736, 0.508, 5.565, 6.074, 3.071, 4.772, 2.503, 6.253, 9.803, 9.135, 0.0, 13.879], [18.792, 18.193, 13.403, 18.776, 17.687, 11.842, 17.422, 14.116, 17.866, 23.659, 22.991, 14.304, 0.0]], "t_ij": [[0.0, 23.167, 16.7, 3.9, 8.933, 19.267, 10.217, 14.0, 11.4, 10.583, 9.417, 15.567, 32.95], [22.0, 0.0, 16.85, 21.333, 17.033, 21.05, 19.117, 14.483, 15.417, 29.483, 24.5, 16.483, 31.2], [15.167, 16.317, 0.0, 12.5, 15.5, 7.133, 10.25, 7.433, 15.967, 16.817, 17.65, 2.067, 19.283], [3.033, 21.25, 13.483, 0.0, 7.767, 15.367, 7.433, 12.617, 9.783, 9.2, 9.367, 12.033, 30.233], [7.617, 15.333, 15.183, 7.317, 0.0, 18.083, 8.233, 10.283, 2.6, 13.8, 12.1, 13.55, 28.267], [17.517, 22.367, 4.467, 15.333, 18.833, 0.0, 12.867, 11.517, 19.95, 18.983, 19.733, 7.5, 17.983], [8.3, 17.85, 11.083, 7.3, 8.317, 14.183, 0.0, 8.733, 9.167, 13.433, 14.117, 9.817, 25.117], [13.917, 13.2, 7.383, 11.75, 10.1, 10.717, 8.967, 0.0, 10.9, 16.617, 20.05, 4.9, 19.25], [8.633, 15.267, 14.7, 9.15, 2.417, 17.0, 8.333, 9.733, 0.0, 16.667, 13.667, 13.017, 26.283], [10.65, 24.3, 15.633, 8.75, 12.583, 18.15, 11.167, 16.833, 14.85, 0.0, 13.117, 15.233, 32.783], [7.917, 22.967, 18.217, 9.9, 11.15, 20.15, 13.833, 17.717, 13.083, 12.733, 0.0, 17.467, 33.733], [14.5, 14.967, 0.983, 12.133, 14.483, 7.3, 9.9, 7.417, 15.417, 16.05, 16.767, 0.0, 18.35], [28.417, 27.067, 17.983, 27.617, 26.05, 16.05, 25.867, 19.4, 27.217, 31.967, 32.417, 20.0, 0.0]]}