{"SER_NUM": 12, "VEH_NUM": 5, "c_1": 7, "c_2": 0.08, "c_3": 550, "c_4": 1.2, "phi_0": 0.0002, "yita": 0.0004, "omega": 60, "Q": 5400, "Q_h": 45, "M": 444444, "N_s": ["1", "2", "3", "4", "9", "10", "11", "12", "13", "14", "15", "16"], "N": ["0", "1", "2", "3", "4", "9", "10", "11", "12", "13", "14", "15", "16"], "K": ["1", "2", "3", "4", "5"], "ser_node": [3, 18, 19, 21, 33, 35, 38, 40, 53, 54, 55, 56, 57, 66, 67, 69], "ser_class": ["HS", "HS", "HS", "HS", "GS", "GS", "GS", "GS", "CS", "CS", "CS", "CS", "CS", "CS", "CS", "CS"], "d_h_i": {"1": 3.0, "2": 4.0, "3": 3.0, "4": 3.0, "9": 3.0, "10": 4.0, "11": 4.0, "12": 4.0, "13": 4.0, "14": 4.0, "15": 3.0, "16": 3.0}, "p_h_i": {"1": 4.0, "2": 3.0, "3": 3.0, "4": 5.0, "9": 3.0, "10": 4.0, "11": 4.0, "12": 4.0, "13": 3.0, "14": 3.0, "15": 3.0, "16": 4.0}, "d_g_i": {"1": 0, "2": 0, "3": 0, "4": 0, "9": 0, "10": 0, "11": 0, "12": 0, "13": 0, "14": 0, "15": 0, "16": 0}, "p_g_i": {"1": 0, "2": 0, "3": 0, "4": 0, "9": 0, "10": 0, "11": 0, "12": 0, "13": 0, "14": 0, "15": 0, "16": 0}, "D_h": 42.0, "P_h": 43.0, "D_g": 0, "P_g": 0, "s_i": {"0": 0, "1": 4, "2": 2, "3": 0, "4": 5, "9": 4, "10": 6, "11": 8, "12": 9, "13": 15, "14": 2, "15": 0, "16": 20}, "a_i": {"1": 0, "2": 62.390000000000015, "3": 0, "4": 0, "9": 62.390000000000015, "10": 62.390000000000015, "11": 62.390000000000015, "12": 62.390000000000015, "13": 0, "14": 62.390000000000015, "15": 62.390000000000015, "16": 0}, "b_i": {"1": 561.5100000000001, "2": 623.9000000000001, "3": 561.5100000000001, "4": 561.5100000000001, "9": 623.9000000000001, "10": 623.9000000000001, "11": 623.9000000000001, "12": 623.9000000000001, "13": 561.5100000000001, "14": 623.9000000000001, "15": 623.9000000000001, "16": 561.5100000000001}, "delta_ij": [[0.0, 1.456, 13.461, 21.209, 10.943, 1.013, 2.612, 0.97, 2.863, 4.865, 21.839, 13.733, 19.045, 1.8, 3.869, 6.703, 9.845], [1.831, 0.0, 13.044, 21.025, 9.792, 1.664, 2.987, 1.921, 3.526, 3.714, 21.605, 12.443, 17.544, 3.179, 3.342, 4.965, 8.694], [12.867, 12.657, 0.0, 16.623, 2.313, 13.544, 10.004, 13.61, 9.831, 8.158, 16.535, 13.039, 15.141, 14.868, 9.392, 8.466, 5.219], [20.374, 20.153, 16.34, 0.0, 18.165, 21.219, 19.703, 21.285, 18.991, 17.857, 0.728, 8.443, 2.399, 22.543, 19.091, 16.996, 21.071], [9.956, 9.917, 3.14, 18.587, 0.0, 10.547, 8.175, 10.92, 8.002, 6.459, 18.265, 15.003, 17.105, 12.216, 7.7, 8.853, 2.906], [1.013, 1.282, 13.207, 21.28, 10.683, 0.0, 2.909, 0.541, 3.448, 4.355, 21.86, 12.698, 18.795, 1.882, 3.565, 5.425, 9.585], [2.367, 2.664, 9.792, 19.802, 8.36, 2.958, 0.0, 3.331, 1.055, 2.282, 20.382, 13.563, 17.638, 3.77, 1.253, 6.556, 7.262], [0.971, 1.59, 13.366, 21.347, 11.056, 0.542, 3.217, 0.0, 2.932, 4.978, 21.927, 12.765, 18.918, 1.341, 3.938, 5.492, 9.958], [1.949, 2.246, 9.646, 19.334, 8.147, 2.54, 0.966, 2.913, 0.0, 2.069, 19.204, 13.095, 17.17, 4.171, 0.54, 6.226, 7.049], [3.947, 3.883, 8.336, 18.283, 6.957, 4.29, 2.166, 4.911, 1.993, 0.0, 17.961, 13.001, 17.076, 6.207, 1.666, 6.821, 5.435], [20.756, 20.804, 15.612, 0.799, 17.437, 21.87, 18.975, 21.936, 18.802, 17.129, 0.0, 9.094, 3.05, 23.194, 18.363, 16.537, 20.732], [13.731, 12.588, 12.767, 8.444, 14.592, 12.704, 13.532, 12.77, 12.76, 13.082, 9.024, 0.0, 6.28, 14.028, 12.723, 8.481, 16.995], [18.267, 18.046, 14.928, 2.338, 16.753, 18.907, 17.656, 18.973, 16.884, 16.445, 2.918, 6.336, 0.0, 20.231, 16.847, 13.779, 20.048], [1.55, 2.66, 14.371, 22.352, 11.899, 1.628, 3.568, 1.088, 4.826, 6.273, 22.932, 13.77, 19.923, 0.0, 4.943, 6.497, 10.801], [2.981, 3.278, 9.156, 18.982, 7.858, 3.324, 1.211, 3.398, 0.54, 1.78, 19.015, 12.743, 16.818, 4.656, 0.0, 5.736, 6.76], [6.39, 5.36, 7.805, 15.465, 9.63, 5.476, 6.544, 5.542, 5.796, 6.118, 16.045, 8.082, 13.301, 6.8, 5.759, 0.0, 10.061], [8.992, 8.953, 5.649, 21.096, 3.078, 9.583, 7.211, 9.956, 7.038, 5.69, 21.008, 17.721, 19.614, 11.252, 6.736, 9.993, 0.0]], "t_ij": [[0.0, 7.667, 25.233, 36.7, 23.983, 4.1, 7.7, 3.683, 9.117, 13.3, 36.133, 24.35, 31.733, 7.2, 11.467, 15.567, 19.467], [7.717, 0.0, 22.533, 32.167, 23.833, 7.3, 10.633, 7.333, 10.633, 12.883, 32.383, 19.6, 30.333, 9.283, 11.867, 11.117, 19.3], [24.083, 21.933, 0.0, 23.433, 7.067, 22.633, 21.5, 22.15, 19.633, 16.483, 23.367, 17.133, 21.467, 25.25, 19.85, 12.983, 12.7], [35.05, 32.833, 22.317, 0.0, 26.25, 32.117, 32.45, 31.65, 30.517, 28.05, 1.633, 15.95, 6.95, 34.85, 31.25, 24.017, 31.383], [21.933, 22.417, 9.133, 28.4, 0.0, 23.483, 16.9, 23.567, 15.367, 13.833, 28.25, 21.717, 26.25, 24.5, 16.717, 18.45, 7.317], [3.5, 4.55, 22.283, 31.583, 23.683, 0.0, 9.483, 2.3, 9.567, 14.783, 32.383, 19.9, 28.717, 7.25, 10.933, 11.5, 18.983], [7.383, 8.1, 19.467, 30.567, 16.667, 8.217, 0.0, 8.733, 2.917, 7.367, 30.917, 20.717, 25.567, 12.267, 3.383, 13.233, 12.4], [3.367, 6.8, 21.667, 31.033, 23.45, 2.25, 10.133, 0.0, 9.717, 13.85, 31.517, 19.25, 27.167, 3.65, 11.833, 11.4, 19.383], [8.817, 9.283, 18.6, 31.55, 16.55, 10.2, 3.85, 10.733, 0.0, 7.2, 31.867, 21.75, 27.183, 13.817, 2.75, 13.95, 12.5], [11.65, 11.583, 16.867, 29.95, 13.65, 13.717, 7.217, 14.433, 7.033, 0.0, 29.467, 21.367, 26.467, 13.733, 7.233, 13.467, 9.85], [33.5, 32.2, 21.217, 2.25, 24.567, 31.75, 29.067, 31.367, 28.517, 25.117, 0.0, 15.867, 7.033, 34.233, 28.433, 24.183, 29.267], [22.117, 19.4, 15.767, 15.3, 18.95, 19.317, 22.367, 18.95, 20.35, 19.5, 15.667, 0.0, 10.75, 21.583, 21.567, 11.75, 25.2], [28.9, 27.45, 20.317, 6.867, 23.717, 27.417, 26.867, 26.833, 24.533, 24.217, 6.917, 10.767, 0.0, 29.867, 25.733, 19.25, 28.417], [4.65, 7.35, 22.233, 31.767, 23.75, 6.9, 9.8, 2.9, 12.183, 14.517, 32.0, 20.133, 28.5, 0.0, 13.5, 12.167, 20.55], [9.233, 10.0, 16.717, 28.367, 15.517, 11.417, 4.817, 11.2, 2.65, 7.467, 29.233, 20.067, 24.517, 14.05, 0.0, 12.483, 12.2], [14.5, 11.517, 11.4, 21.333, 14.75, 11.8, 14.783, 11.45, 13.1, 12.45, 21.75, 11.317, 17.033, 14.233, 14.483, 0.0, 16.767], [16.5, 17.5, 11.983, 30.067, 7.933, 18.183, 12.15, 18.183, 11.583, 10.133, 29.833, 23.717, 28.267, 18.833, 12.467, 18.933, 0.0]]}