{"SER_NUM": 12, "VEH_NUM": 5, "c_1": 7, "c_2": 0.08, "c_3": 550, "c_4": 1.2, "phi_0": 0.0002, "yita": 0.0004, "omega": 60, "Q": 5400, "Q_h": 45, "M": 444444, "N_s": ["5", "6", "7", "8", "9", "10", "11", "12", "13", "14", "15", "16"], "N": ["0", "5", "6", "7", "8", "9", "10", "11", "12", "13", "14", "15", "16"], "K": ["1", "2", "3", "4", "5"], "ser_node": [16, 17, 23, 24, 32, 35, 37, 38, 50, 54, 63, 64, 65, 66, 69, 70], "ser_class": ["HS", "HS", "HS", "HS", "GS", "GS", "GS", "GS", "CS", "CS", "CS", "CS", "CS", "CS", "CS", "CS"], "d_h_i": {"5": 0, "6": 0, "7": 0, "8": 0, "9": 0, "10": 0, "11": 0, "12": 0, "13": 0, "14": 0, "15": 0, "16": 0}, "p_h_i": {"5": 0, "6": 0, "7": 0, "8": 0, "9": 0, "10": 0, "11": 0, "12": 0, "13": 0, "14": 0, "15": 0, "16": 0}, "d_g_i": {"5": 149.0, "6": 207.0, "7": 171.0, "8": 228.0, "9": 107.0, "10": 281.0, "11": 221.0, "12": 221.0, "13": 236.0, "14": 223.0, "15": 257.0, "16": 241.0}, "p_g_i": {"5": 300.0, "6": 214.0, "7": 263.0, "8": 268.0, "9": 205.0, "10": 283.0, "11": 248.0, "12": 227.0, "13": 214.0, "14": 276.0, "15": 341.0, "16": 327.0}, "D_h": 0, "P_h": 0, "D_g": 2542.0, "P_g": 3166.0, "s_i": {"0": 0, "5": 10, "6": 3, "7": 1, "8": 13, "9": 0, "10": 14, "11": 16, "12": 5, "13": 2, "14": 14, "15": 19, "16": 14}, "a_i": {"5": 69.105, "6": 0, "7": 0, "8": 0, "9": 0, "10": 0, "11": 0, "12": 69.105, "13": 69.105, "14": 69.105, "15": 69.105, "16": 0}, "b_i": {"5": 691.05, "6": 621.9449999999999, "7": 621.9449999999999, "8": 621.9449999999999, "9": 621.9449999999999, "10": 621.9449999999999, "11": 621.9449999999999, "12": 691.05, "13": 691.05, "14": 691.05, "15": 691.05, "16": 621.9449999999999}, "delta_ij": [[0.0, 4.112, 2.219, 19.644, 8.766, 1.756, 2.612, 8.713, 0.97, 6.487, 21.839, 7.459, 2.543, 11.134, 3.869, 9.845, 18.529], [3.752, 0.0, 5.403, 16.308, 6.681, 5.088, 3.481, 6.134, 3.864, 7.335, 18.453, 3.674, 2.139, 9.305, 2.672, 8.024, 16.116], [2.282, 7.392, 0.0, 20.97, 9.317, 2.69, 3.172, 13.485, 5.823, 7.473, 24.289, 7.99, 5.226, 13.546, 4.375, 10.396, 23.422], [18.779, 16.31, 18.997, 0.0, 10.374, 19.666, 15.916, 11.079, 19.522, 12.711, 12.962, 12.649, 17.439, 8.956, 15.304, 10.757, 17.75], [7.928, 6.651, 9.228, 10.359, 0.0, 9.897, 6.147, 10.283, 8.892, 3.37, 18.558, 6.617, 6.729, 2.764, 5.672, 3.651, 20.417], [1.756, 5.094, 0.906, 21.518, 11.726, 0.0, 3.747, 9.857, 5.185, 8.241, 24.039, 8.565, 4.788, 14.094, 7.499, 12.805, 19.794], [2.367, 3.4, 3.745, 15.975, 6.183, 3.693, 0.0, 9.534, 3.331, 4.366, 20.382, 6.002, 3.2, 8.551, 1.253, 7.262, 19.802], [9.226, 6.13, 10.819, 11.077, 10.261, 9.922, 9.46, 0.0, 7.746, 12.386, 14.384, 4.121, 7.002, 11.877, 8.746, 13.678, 10.139], [0.971, 3.871, 3.156, 19.549, 8.879, 2.259, 3.217, 7.745, 0.0, 7.062, 21.927, 7.253, 2.676, 11.247, 3.938, 9.958, 17.682], [6.115, 7.311, 7.387, 12.694, 3.377, 8.056, 4.334, 12.374, 7.079, 0.0, 20.683, 8.742, 7.111, 5.219, 4.99, 3.887, 22.542], [20.756, 18.556, 22.056, 11.938, 17.934, 22.725, 18.975, 14.391, 21.936, 20.059, 0.0, 14.895, 19.685, 18.542, 18.363, 20.732, 5.711], [6.651, 3.8, 7.962, 12.109, 6.705, 8.631, 6.04, 4.187, 7.329, 8.83, 14.901, 0.0, 5.281, 8.649, 5.231, 9.503, 14.321], [2.542, 1.587, 5.749, 17.432, 6.725, 3.878, 3.123, 7.0, 2.676, 6.903, 19.489, 5.186, 0.0, 9.093, 2.452, 7.804, 16.937], [10.176, 8.538, 11.476, 8.941, 2.707, 12.145, 8.395, 11.873, 11.277, 5.08, 19.205, 9.407, 8.977, 0.0, 7.92, 3.126, 21.948], [2.981, 2.665, 3.745, 15.339, 5.681, 4.414, 1.211, 8.848, 3.398, 4.98, 19.015, 5.182, 2.465, 8.049, 0.0, 6.76, 18.982], [8.992, 7.993, 10.292, 10.744, 2.66, 10.961, 7.211, 13.676, 9.956, 3.849, 21.008, 9.409, 7.793, 3.694, 6.736, 0.0, 23.751], [18.643, 16.066, 20.755, 15.465, 20.427, 19.858, 19.594, 10.137, 17.682, 22.552, 6.112, 14.243, 16.938, 21.927, 18.953, 23.225, 0.0]], "t_ij": [[0.0, 12.05, 7.683, 32.583, 18.483, 12.45, 7.7, 19.267, 3.683, 15.917, 36.133, 16.467, 10.733, 23.117, 11.467, 19.467, 31.383], [11.2, 0.0, 16.233, 24.733, 14.967, 14.433, 11.3, 12.35, 10.517, 16.483, 28.617, 9.9, 7.3, 19.467, 9.1, 16.617, 24.233], [8.533, 18.55, 0.0, 35.2, 19.8, 7.2, 10.283, 24.367, 11.917, 17.933, 40.65, 20.817, 17.083, 24.95, 14.5, 20.767, 35.383], [29.55, 23.283, 30.883, 0.0, 17.167, 32.633, 26.733, 19.283, 28.3, 19.233, 18.117, 15.25, 25.867, 13.95, 24.733, 16.783, 21.067], [19.233, 15.233, 18.217, 18.067, 0.0, 20.6, 14.0, 20.767, 20.483, 7.567, 33.2, 14.883, 16.533, 7.433, 13.45, 7.617, 31.667], [9.683, 23.033, 7.5, 34.25, 19.917, 0.0, 14.45, 22.867, 10.1, 20.4, 40.2, 23.8, 17.0, 24.417, 14.083, 20.6, 33.65], [7.383, 9.267, 8.817, 27.3, 11.85, 11.35, 0.0, 17.817, 8.733, 9.033, 30.917, 12.217, 9.1, 16.283, 3.383, 12.4, 28.8], [17.517, 12.267, 21.017, 18.933, 21.067, 18.933, 19.65, 0.0, 14.417, 24.05, 20.25, 9.033, 13.45, 19.417, 18.4, 21.717, 14.6], [3.367, 11.283, 7.883, 29.067, 18.767, 7.05, 10.133, 14.433, 0.0, 16.917, 31.517, 16.017, 8.583, 23.35, 11.833, 19.383, 25.25], [13.65, 16.2, 13.417, 20.4, 7.65, 14.9, 8.85, 23.217, 16.083, 0.0, 34.85, 17.85, 15.417, 9.517, 10.767, 7.367, 34.017], [33.5, 27.95, 33.983, 16.867, 26.183, 34.967, 29.067, 20.05, 31.367, 29.75, 0.0, 21.0, 30.2, 27.567, 28.433, 29.267, 11.083], [15.033, 9.483, 18.167, 18.567, 13.55, 19.067, 13.25, 8.633, 14.883, 16.867, 21.133, 0.0, 11.15, 17.383, 12.317, 16.5, 19.433], [7.883, 7.267, 13.35, 25.4, 15.1, 10.983, 9.533, 13.15, 7.35, 16.55, 27.617, 11.983, 0.0, 18.667, 9.233, 16.533, 23.767], [19.583, 17.067, 20.25, 15.433, 7.167, 21.217, 15.233, 18.8, 21.633, 9.15, 27.433, 14.5, 17.767, 0.0, 15.417, 7.383, 28.1], [9.233, 8.317, 12.6, 24.2, 11.767, 13.6, 4.817, 16.65, 11.2, 11.517, 29.233, 11.567, 7.65, 15.233, 0.0, 12.2, 27.1], [16.5, 15.783, 16.733, 17.1, 7.517, 18.033, 12.15, 21.1, 18.183, 6.917, 29.833, 18.133, 15.017, 7.383, 12.467, 0.0, 30.683], [27.317, 22.967, 30.533, 20.8, 27.183, 28.533, 28.483, 13.9, 24.45, 30.583, 11.0, 18.617, 23.633, 28.917, 27.717, 29.917, 0.0]]}