{"SER_NUM": 12, "VEH_NUM": 5, "c_1": 7, "c_2": 0.08, "c_3": 550, "c_4": 1.2, "phi_0": 0.0002, "yita": 0.0004, "omega": 60, "Q": 5400, "Q_h": 45, "M": 444444, "N_s": ["5", "6", "7", "8", "9", "10", "11", "12", "13", "14", "15", "16"], "N": ["0", "5", "6", "7", "8", "9", "10", "11", "12", "13", "14", "15", "16"], "K": ["1", "2", "3", "4", "5"], "ser_node": [6, 10, 11, 13, 28, 38, 43, 48, 55, 57, 58, 61, 62, 66, 71, 72], "ser_class": ["HS", "HS", "HS", "HS", "GS", "GS", "GS", "GS", "CS", "CS", "CS", "CS", "CS", "CS", "CS", "CS"], "d_h_i": {"5": 0, "6": 0, "7": 0, "8": 0, "9": 0, "10": 0, "11": 0, "12": 0, "13": 0, "14": 0, "15": 0, "16": 0}, "p_h_i": {"5": 0, "6": 0, "7": 0, "8": 0, "9": 0, "10": 0, "11": 0, "12": 0, "13": 0, "14": 0, "15": 0, "16": 0}, "d_g_i": {"5": 268.0, "6": 216.0, "7": 208.0, "8": 189.0, "9": 170.0, "10": 179.0, "11": 257.0, "12": 278.0, "13": 197.0, "14": 150.0, "15": 203.0, "16": 206.0}, "p_g_i": {"5": 214.0, "6": 207.0, "7": 219.0, "8": 220.0, "9": 259.0, "10": 188.0, "11": 234.0, "12": 237.0, "13": 224.0, "14": 225.0, "15": 299.0, "16": 194.0}, "D_h": 0, "P_h": 0, "D_g": 2521.0, "P_g": 2720.0, "s_i": {"0": 0, "5": 12, "6": 14, "7": 7, "8": 2, "9": 7, "10": 16, "11": 17, "12": 6, "13": 14, "14": 1, "15": 4, "16": 12}, "a_i": {"5": 0, "6": 0, "7": 58.28110000000001, "8": 0, "9": 58.28110000000001, "10": 58.28110000000001, "11": 58.28110000000001, "12": 0, "13": 0, "14": 58.28110000000001, "15": 0, "16": 58.28110000000001}, "b_i": {"5": 524.5299, "6": 524.5299, "7": 582.811, "8": 524.5299, "9": 582.811, "10": 582.811, "11": 582.811, "12": 524.5299, "13": 524.5299, "14": 582.811, "15": 524.5299, "16": 582.811}, "delta_ij": [[0.0, 3.031, 1.426, 3.75, 9.869, 7.911, 0.97, 0.946, 19.592, 13.733, 1.8, 3.675, 4.813, 4.135, 3.869, 2.939, 5.719], [2.842, 0.0, 3.121, 3.811, 7.512, 5.58, 3.062, 3.285, 17.029, 12.022, 4.277, 2.656, 7.323, 6.612, 2.162, 1.367, 3.228], [1.823, 2.848, 0.0, 2.525, 8.019, 6.061, 3.5, 2.202, 18.329, 13.757, 3.056, 1.8, 6.069, 4.357, 1.994, 3.993, 3.95], [3.231, 3.5, 2.233, 0.0, 7.123, 4.963, 4.195, 4.094, 19.098, 14.526, 4.807, 1.765, 8.477, 5.81, 2.106, 4.92, 4.062], [9.283, 7.506, 8.285, 7.179, 0.0, 3.291, 11.27, 10.475, 20.289, 15.717, 11.762, 7.163, 14.529, 12.546, 7.527, 9.819, 5.255], [7.062, 5.31, 6.432, 4.739, 3.618, 0.0, 8.026, 8.254, 19.606, 15.034, 9.322, 4.942, 12.308, 10.325, 4.806, 6.535, 5.833], [0.971, 2.893, 2.826, 4.183, 9.982, 8.024, 0.0, 0.562, 19.68, 12.765, 1.341, 3.744, 4.333, 3.676, 3.938, 1.969, 5.788], [0.946, 3.118, 2.209, 4.395, 10.432, 8.263, 0.561, 0.0, 20.381, 13.466, 1.022, 3.969, 4.035, 3.357, 4.163, 2.53, 6.013], [18.708, 16.815, 18.332, 19.082, 19.351, 19.626, 19.619, 20.321, 0.0, 6.777, 20.877, 17.782, 23.88, 23.212, 17.288, 18.168, 15.745], [13.731, 12.25, 13.767, 14.517, 15.97, 15.061, 12.77, 13.472, 6.777, 0.0, 14.028, 13.419, 17.031, 16.363, 12.723, 11.014, 11.18], [1.55, 3.903, 2.813, 4.797, 10.825, 8.867, 1.088, 0.772, 20.685, 13.77, 0.0, 4.749, 4.32, 2.689, 4.943, 2.974, 7.707], [2.804, 1.987, 1.817, 1.924, 7.07, 4.901, 3.768, 3.669, 17.39, 13.027, 5.778, 0.0, 8.05, 6.781, 0.593, 3.212, 2.549], [4.818, 7.18, 6.081, 8.47, 14.48, 12.311, 4.337, 4.04, 23.945, 17.03, 4.575, 8.031, 0.0, 6.91, 8.225, 6.234, 10.075], [3.266, 6.49, 4.363, 5.807, 12.287, 10.329, 3.675, 3.205, 22.048, 16.357, 2.643, 6.644, 6.209, 0.0, 7.008, 5.561, 9.136], [2.981, 1.912, 1.994, 2.101, 6.995, 4.826, 3.398, 3.846, 17.315, 12.743, 4.656, 1.012, 8.227, 6.958, 0.0, 3.137, 2.474], [2.3, 1.404, 3.667, 4.357, 8.395, 6.226, 2.381, 3.083, 17.598, 11.725, 3.639, 3.302, 6.642, 5.974, 2.808, 0.0, 3.874], [4.824, 2.976, 3.948, 4.266, 5.013, 5.288, 5.853, 6.555, 15.731, 11.159, 7.111, 2.966, 10.114, 9.15, 2.472, 4.201, 0.0]], "t_ij": [[0.0, 9.567, 6.983, 10.217, 22.7, 16.967, 3.683, 3.517, 32.083, 24.35, 7.2, 11.4, 10.583, 9.417, 11.467, 9.583, 13.617], [9.083, 0.0, 9.85, 11.933, 18.95, 14.067, 8.483, 10.133, 27.567, 18.95, 12.2, 9.917, 13.283, 15.633, 8.75, 7.1, 9.267], [7.717, 8.917, 0.0, 7.617, 18.6, 14.033, 9.833, 8.667, 30.583, 23.983, 10.433, 7.6, 15.4, 10.883, 7.767, 11.567, 11.033], [10.317, 10.8, 7.317, 0.0, 15.067, 9.083, 11.883, 11.667, 32.417, 25.967, 13.267, 7.0, 17.767, 11.233, 7.283, 14.733, 10.6], [24.883, 20.133, 21.617, 16.633, 0.0, 11.033, 24.617, 25.617, 28.9, 22.067, 28.867, 18.2, 32.35, 26.567, 19.317, 22.483, 15.55], [17.083, 13.05, 14.5, 8.883, 8.133, 0.0, 18.333, 18.933, 32.583, 25.65, 19.517, 10.017, 23.55, 18.75, 11.167, 15.683, 11.367], [3.367, 9.25, 9.033, 12.267, 22.217, 17.217, 0.0, 2.083, 28.4, 19.25, 3.65, 11.767, 8.95, 7.383, 11.833, 6.967, 13.7], [3.333, 9.633, 7.967, 11.233, 21.417, 17.067, 2.017, 0.0, 30.717, 21.517, 4.033, 12.233, 9.167, 7.3, 12.217, 7.767, 14.45], [30.917, 25.45, 29.6, 29.983, 28.433, 28.733, 27.933, 29.283, 0.0, 12.667, 30.683, 28.983, 32.367, 32.917, 27.967, 24.283, 22.917], [22.117, 19.567, 23.85, 23.817, 22.483, 23.117, 18.95, 20.183, 12.65, 0.0, 21.583, 22.633, 23.367, 24.1, 21.567, 16.45, 16.6], [4.65, 10.183, 8.75, 11.017, 22.433, 18.333, 2.9, 2.667, 28.933, 20.133, 0.0, 13.55, 8.767, 7.0, 13.5, 7.283, 15.317], [8.633, 7.533, 7.35, 7.467, 13.517, 10.283, 11.633, 11.683, 26.917, 20.783, 13.367, 0.0, 16.667, 13.667, 2.683, 9.433, 7.317], [10.65, 12.65, 14.283, 15.383, 23.65, 20.5, 9.017, 8.767, 31.85, 22.883, 10.083, 14.85, 0.0, 13.117, 14.9, 9.867, 17.183], [7.917, 14.933, 10.317, 11.267, 22.033, 17.2, 8.3, 7.55, 34.283, 24.817, 7.133, 13.083, 12.733, 0.0, 13.85, 11.9, 16.967], [9.233, 7.167, 7.683, 7.5, 13.217, 10.033, 11.2, 11.983, 26.233, 20.067, 14.05, 3.917, 16.683, 14.133, 0.0, 8.8, 6.983], [7.983, 7.217, 11.217, 11.783, 17.567, 14.167, 7.0, 7.633, 26.4, 17.25, 8.7, 10.867, 10.967, 11.533, 9.733, 0.0, 10.167], [12.8, 7.783, 10.45, 9.083, 11.083, 11.283, 13.417, 14.617, 21.817, 15.85, 16.217, 7.733, 18.15, 16.85, 7.35, 10.483, 0.0]]}