{"SER_NUM": 16, "VEH_NUM": 5, "c_1": 7, "c_2": 0.08, "c_3": 550, "c_4": 1.2, "phi_0": 0.0002, "yita": 0.0004, "omega": 60, "Q": 5400, "Q_h": 45, "M": 444444, "N_s": ["1", "2", "3", "4", "5", "6", "7", "8", "9", "10", "11", "12", "13", "14", "15", "16"], "N": ["0", "1", "2", "3", "4", "5", "6", "7", "8", "9", "10", "11", "12", "13", "14", "15", "16"], "K": ["1", "2", "3", "4", "5"], "ser_node": [12, 14, 15, 17, 29, 31, 34, 37, 49, 50, 56, 60, 66, 67, 70, 71], "ser_class": ["HS", "HS", "HS", "HS", "GS", "GS", "GS", "GS", "CS", "CS", "CS", "CS", "CS", "CS", "CS", "CS"], "d_h_i": {"1": 4.0, "2": 5.0, "3": 3.0, "4": 3.0, "5": 0, "6": 0, "7": 0, "8": 0, "9": 4.0, "10": 3.0, "11": 5.0, "12": 4.0, "13": 5.0, "14": 2.0, "15": 4.0, "16": 5.0}, "p_h_i": {"1": 5.0, "2": 4.0, "3": 3.0, "4": 5.0, "5": 0, "6": 0, "7": 0, "8": 0, "9": 3.0, "10": 3.0, "11": 4.0, "12": 4.0, "13": 3.0, "14": 5.0, "15": 3.0, "16": 4.0}, "d_g_i": {"1": 0, "2": 0, "3": 0, "4": 0, "5": 184.0, "6": 250.0, "7": 195.0, "8": 213.0, "9": 326.0, "10": 289.0, "11": 323.0, "12": 207.0, "13": 235.0, "14": 192.0, "15": 231.0, "16": 246.0}, "p_g_i": {"1": 0, "2": 0, "3": 0, "4": 0, "5": 173.0, "6": 150.0, "7": 167.0, "8": 190.0, "9": 308.0, "10": 259.0, "11": 261.0, "12": 256.0, "13": 205.0, "14": 241.0, "15": 351.0, "16": 137.0}, "D_h": 47.0, "P_h": 46.0, "D_g": 2891.0, "P_g": 2698.0, "s_i": {"0": 0, "1": 4, "2": 5, "3": 3, "4": 1, "5": 1, "6": 5, "7": 9, "8": 8, "9": 15, "10": 7, "11": 7, "12": 2, "13": 16, "14": 12, "15": 11, "16": 3}, "a_i": {"1": 67.97109999999999, "2": 0, "3": 67.97109999999999, "4": 67.97109999999999, "5": 0, "6": 67.97109999999999, "7": 0, "8": 0, "9": 0, "10": 0, "11": 67.97109999999999, "12": 0, "13": 67.97109999999999, "14": 0, "15": 67.97109999999999, "16": 67.97109999999999}, "b_i": {"1": 679.7109999999999, "2": 611.7398999999999, "3": 679.7109999999999, "4": 679.7109999999999, "5": 611.7398999999999, "6": 679.7109999999999, "7": 611.7398999999999, "8": 611.7398999999999, "9": 611.7398999999999, "10": 611.7398999999999, "11": 679.7109999999999, "12": 611.7398999999999, "13": 679.7109999999999, "14": 611.7398999999999, "15": 679.7109999999999, "16": 679.7109999999999}, "delta_ij": [[0.0, 21.917, 7.205, 0.825, 2.219, 17.941, 1.351, 3.668, 8.713, 9.348, 6.487, 19.045, 5.588, 3.869, 6.703, 18.529, 2.939], [20.679, 0.0, 16.448, 22.797, 21.979, 6.723, 23.516, 20.774, 15.183, 15.818, 19.982, 4.099, 17.699, 18.303, 18.439, 7.226, 21.277], [6.874, 15.644, 0.0, 6.049, 9.099, 11.941, 6.814, 9.712, 2.592, 3.227, 9.831, 12.822, 3.484, 6.202, 0.907, 12.529, 4.575], [0.825, 20.941, 6.179, 0.0, 3.058, 17.237, 2.075, 4.405, 7.888, 8.523, 6.017, 18.119, 3.964, 2.893, 5.635, 17.825, 2.112], [2.282, 24.031, 11.776, 3.12, 0.0, 22.834, 5.593, 2.659, 13.485, 14.12, 7.473, 21.545, 6.119, 4.375, 10.463, 23.422, 7.709], [18.022, 5.722, 11.92, 17.197, 20.134, 0.0, 17.849, 21.481, 9.516, 10.151, 21.931, 3.759, 15.372, 18.332, 12.772, 0.63, 15.61], [1.349, 22.79, 6.821, 2.064, 2.921, 17.879, 0.0, 4.268, 8.53, 9.165, 7.677, 19.703, 5.731, 4.578, 6.277, 18.467, 2.754], [2.401, 20.935, 8.385, 3.618, 1.205, 20.208, 2.967, 0.0, 10.859, 11.494, 6.238, 18.993, 5.486, 3.882, 7.911, 21.157, 5.083], [9.226, 15.042, 2.804, 7.882, 10.819, 9.551, 8.534, 12.475, 0.0, 0.885, 12.386, 10.829, 6.039, 8.746, 3.457, 10.139, 6.295], [9.342, 15.677, 3.374, 8.517, 11.454, 10.186, 9.169, 12.891, 0.885, 0.0, 13.021, 12.01, 6.692, 9.381, 4.092, 10.774, 6.93], [6.115, 20.068, 9.828, 6.036, 7.387, 21.757, 7.684, 6.182, 12.374, 13.043, 0.0, 20.378, 7.697, 4.99, 9.326, 22.542, 7.783], [18.267, 2.996, 12.933, 18.251, 19.578, 3.77, 19.761, 20.167, 11.317, 12.063, 19.375, 0.0, 14.239, 16.847, 13.779, 3.935, 17.522], [5.258, 17.43, 3.293, 3.982, 6.079, 15.206, 6.091, 7.932, 5.857, 6.492, 8.161, 14.608, 0.0, 3.796, 2.786, 15.794, 3.852], [2.981, 18.4, 6.21, 2.902, 3.745, 18.197, 4.733, 3.79, 8.848, 9.483, 4.98, 16.818, 3.311, 0.0, 5.736, 18.982, 3.137], [6.39, 16.123, 0.508, 5.565, 8.49, 12.411, 6.33, 9.269, 3.071, 3.697, 9.388, 13.301, 3.025, 5.759, 0.0, 12.999, 4.091], [18.643, 5.779, 12.541, 17.818, 20.755, 0.633, 18.47, 22.102, 10.137, 10.772, 22.552, 4.001, 15.993, 18.953, 13.393, 0.0, 16.231], [2.3, 19.923, 4.996, 1.475, 5.454, 16.054, 3.169, 6.046, 6.705, 7.34, 7.236, 17.101, 2.867, 2.808, 4.452, 16.642, 0.0]], "t_ij": [[0.0, 35.533, 16.7, 3.9, 7.683, 30.4, 4.567, 9.45, 19.267, 20.883, 15.917, 31.733, 13.217, 11.467, 15.567, 31.383, 9.583], [35.9, 0.0, 22.133, 30.883, 34.65, 13.183, 32.1, 31.683, 18.55, 20.317, 30.583, 7.75, 25.45, 29.833, 22.533, 12.667, 27.0], [15.167, 22.85, 0.0, 12.5, 19.133, 16.467, 14.15, 20.333, 7.133, 7.25, 18.3, 18.25, 8.45, 14.933, 2.067, 17.383, 8.517], [3.033, 33.65, 13.483, 0.0, 8.95, 25.767, 7.283, 10.717, 15.367, 16.633, 15.317, 29.283, 11.833, 9.9, 12.033, 26.683, 7.25], [8.533, 39.983, 22.6, 12.8, 0.0, 34.233, 11.267, 8.05, 24.367, 26.283, 17.933, 35.9, 17.4, 14.5, 23.067, 35.383, 16.2], [27.6, 10.117, 15.5, 24.85, 31.1, 0.0, 26.25, 32.8, 12.683, 14.283, 32.417, 8.75, 22.317, 28.733, 16.617, 1.583, 20.783], [4.05, 33.35, 14.333, 7.233, 8.15, 26.2, 0.0, 9.917, 15.967, 17.45, 16.817, 29.45, 15.817, 12.633, 12.833, 27.133, 7.717], [7.1, 34.617, 18.85, 9.883, 3.183, 31.467, 8.2, 0.0, 21.433, 22.8, 11.35, 29.95, 13.583, 9.1, 17.233, 32.467, 13.017], [17.517, 19.533, 4.467, 15.333, 21.017, 13.383, 16.317, 23.983, 0.0, 3.1, 24.05, 15.95, 12.667, 18.4, 7.5, 14.6, 10.717], [18.783, 20.467, 7.317, 16.417, 22.383, 14.55, 17.817, 24.867, 2.967, 0.0, 23.367, 16.967, 13.4, 19.85, 8.017, 15.583, 12.067], [13.65, 33.283, 19.617, 13.7, 13.417, 32.867, 16.783, 10.817, 23.217, 24.85, 0.0, 31.167, 15.6, 10.767, 19.367, 34.017, 16.75], [28.9, 6.983, 17.2, 27.95, 31.883, 8.583, 28.983, 29.983, 15.583, 17.067, 28.833, 0.0, 20.4, 25.733, 19.25, 10.1, 23.617], [13.833, 25.417, 8.667, 10.8, 17.3, 21.45, 14.55, 15.367, 11.817, 13.05, 16.15, 20.75, 0.0, 11.15, 7.383, 22.467, 9.217], [9.233, 28.383, 14.4, 9.25, 12.6, 26.733, 13.25, 9.0, 16.65, 18.417, 11.517, 24.517, 8.633, 0.0, 12.483, 27.1, 8.8], [14.5, 21.817, 0.983, 12.133, 20.217, 16.117, 13.333, 18.967, 7.3, 7.45, 16.917, 17.033, 8.383, 14.483, 0.0, 16.867, 8.15], [27.317, 11.333, 16.5, 25.117, 30.533, 1.933, 26.367, 32.317, 13.9, 15.167, 30.583, 10.467, 22.983, 27.717, 17.467, 0.0, 21.517], [7.983, 28.983, 10.3, 4.967, 12.367, 22.133, 7.95, 14.05, 12.367, 13.617, 16.333, 24.533, 8.55, 9.733, 9.183, 22.95, 0.0]]}