{"SER_NUM": 12, "VEH_NUM": 5, "c_1": 7, "c_2": 0.08, "c_3": 550, "c_4": 1.2, "phi_0": 0.0002, "yita": 0.0004, "omega": 60, "Q": 5400, "Q_h": 45, "M": 444444, "N_s": ["1", "2", "3", "4", "9", "10", "11", "12", "13", "14", "15", "16"], "N": ["0", "1", "2", "3", "4", "9", "10", "11", "12", "13", "14", "15", "16"], "K": ["1", "2", "3", "4", "5"], "ser_node": [5, 14, 15, 23, 30, 33, 44, 46, 50, 52, 55, 56, 63, 68, 69, 70], "ser_class": ["HS", "HS", "HS", "HS", "GS", "GS", "GS", "GS", "CS", "CS", "CS", "CS", "CS", "CS", "CS", "CS"], "d_h_i": {"1": 2.0, "2": 3.0, "3": 4.0, "4": 4.0, "9": 4.0, "10": 4.0, "11": 4.0, "12": 6.0, "13": 4.0, "14": 2.0, "15": 2.0, "16": 4.0}, "p_h_i": {"1": 2.0, "2": 4.0, "3": 3.0, "4": 4.0, "9": 2.0, "10": 3.0, "11": 3.0, "12": 3.0, "13": 3.0, "14": 3.0, "15": 3.0, "16": 4.0}, "d_g_i": {"1": 0, "2": 0, "3": 0, "4": 0, "9": 0, "10": 0, "11": 0, "12": 0, "13": 0, "14": 0, "15": 0, "16": 0}, "p_g_i": {"1": 0, "2": 0, "3": 0, "4": 0, "9": 0, "10": 0, "11": 0, "12": 0, "13": 0, "14": 0, "15": 0, "16": 0}, "D_h": 43.0, "P_h": 37.0, "D_g": 0, "P_g": 0, "s_i": {"0": 0, "1": 0, "2": 0, "3": 0, "4": 1, "9": 15, "10": 20, "11": 19, "12": 9, "13": 13, "14": 19, "15": 7, "16": 12}, "a_i": {"1": 58.309999999999995, "2": 0, "3": 58.309999999999995, "4": 0, "9": 0, "10": 0, "11": 0, "12": 58.309999999999995, "13": 58.309999999999995, "14": 58.309999999999995, "15": 0, "16": 58.309999999999995}, "b_i": {"1": 583.0999999999999, "2": 524.79, "3": 583.0999999999999, "4": 524.79, "9": 524.79, "10": 524.79, "11": 524.79, "12": 583.0999999999999, "13": 583.0999999999999, "14": 583.0999999999999, "15": 524.79, "16": 583.0999999999999}, "delta_ij": [[0.0, 3.053, 7.205, 0.825, 19.644, 13.282, 1.013, 18.084, 3.204, 6.487, 2.241, 13.733, 19.045, 7.459, 19.447, 9.845, 18.529], [3.056, 0.0, 8.547, 3.79, 22.06, 14.946, 3.134, 20.362, 5.527, 9.267, 4.734, 15.276, 21.429, 9.764, 21.94, 12.19, 20.193], [6.874, 8.537, 0.0, 6.049, 13.509, 7.282, 5.96, 11.811, 4.498, 9.831, 4.829, 7.55, 12.822, 2.657, 13.4, 10.508, 12.529], [0.825, 3.458, 6.179, 0.0, 18.718, 12.578, 0.422, 17.108, 2.021, 6.017, 1.416, 12.908, 18.119, 6.483, 18.697, 8.913, 17.825], [18.779, 22.033, 13.5, 18.774, 0.0, 9.949, 19.456, 13.412, 17.217, 12.711, 17.673, 9.649, 12.183, 12.649, 12.709, 10.757, 17.75], [13.401, 14.951, 7.299, 12.576, 9.946, 0.0, 12.374, 5.384, 11.723, 16.639, 11.243, 0.331, 6.395, 8.33, 6.973, 17.815, 5.777], [1.013, 3.135, 5.969, 0.422, 19.482, 12.368, 0.0, 17.53, 2.693, 6.689, 2.156, 12.698, 18.795, 7.155, 19.362, 9.585, 17.615], [17.201, 20.399, 11.867, 17.088, 12.687, 5.385, 17.822, 0.0, 15.578, 19.38, 16.044, 5.27, 1.687, 11.071, 2.043, 20.556, 2.803], [2.383, 5.114, 4.551, 1.57, 17.299, 11.782, 1.992, 15.611, 0.0, 6.231, 1.035, 12.112, 16.7, 5.063, 17.278, 7.655, 17.074], [6.115, 9.321, 9.828, 6.036, 12.694, 16.627, 6.458, 19.367, 6.77, 0.0, 7.387, 16.303, 20.378, 8.742, 20.956, 3.887, 22.542], [2.231, 4.823, 4.927, 1.406, 17.473, 11.326, 2.064, 15.863, 0.979, 7.167, 0.0, 11.656, 16.874, 5.238, 17.452, 8.091, 16.573], [13.731, 15.281, 7.629, 12.906, 9.653, 0.331, 12.704, 5.269, 12.053, 16.322, 11.573, 0.0, 6.28, 8.013, 6.806, 16.995, 6.107], [18.267, 21.484, 12.933, 18.251, 12.34, 6.451, 18.907, 2.041, 16.644, 19.375, 17.776, 6.336, 0.0, 12.137, 0.47, 20.048, 3.935], [6.651, 9.84, 2.572, 6.601, 12.109, 8.406, 7.263, 11.146, 5.085, 8.83, 5.557, 8.082, 12.157, 0.0, 12.735, 9.503, 14.321], [18.792, 21.909, 13.403, 18.776, 12.81, 6.976, 19.332, 2.045, 17.169, 19.845, 18.201, 6.861, 0.526, 12.662, 0.0, 21.644, 3.918], [8.992, 12.226, 10.495, 8.913, 10.744, 17.836, 9.583, 20.576, 7.577, 3.849, 8.069, 17.721, 19.614, 9.409, 20.929, 0.0, 23.751], [18.643, 20.193, 12.541, 17.818, 15.465, 5.772, 17.616, 3.022, 16.965, 22.552, 16.485, 6.102, 4.001, 14.243, 4.328, 23.225, 0.0]], "t_ij": [[0.0, 8.25, 16.7, 3.9, 32.583, 24.017, 4.1, 28.95, 9.583, 15.917, 9.85, 24.35, 31.733, 16.467, 32.95, 19.467, 31.383], [8.267, 0.0, 17.45, 10.367, 34.067, 23.25, 8.617, 31.217, 14.167, 19.417, 11.817, 24.25, 32.633, 20.583, 34.3, 22.233, 30.733], [15.167, 17.05, 0.0, 12.5, 18.733, 10.0, 12.817, 16.183, 9.917, 18.3, 9.533, 11.117, 18.25, 6.983, 19.283, 18.417, 17.383], [3.033, 9.3, 13.483, 0.0, 29.917, 19.233, 2.05, 27.167, 7.7, 15.317, 7.383, 20.3, 29.283, 15.167, 30.233, 18.183, 26.683], [29.55, 32.55, 17.3, 28.217, 0.0, 17.85, 28.65, 18.067, 24.95, 19.233, 26.25, 17.433, 16.467, 15.25, 17.45, 16.783, 21.067], [21.533, 23.117, 9.6, 19.233, 16.367, 0.0, 18.933, 9.117, 17.717, 27.35, 16.033, 1.067, 10.75, 12.433, 12.183, 26.217, 9.95], [3.5, 8.5, 12.983, 3.217, 30.167, 19.317, 0.0, 28.283, 8.55, 15.917, 7.8, 19.9, 28.717, 15.033, 29.983, 18.983, 25.883], [28.2, 30.717, 16.067, 26.667, 18.9, 9.8, 26.517, 0.0, 22.75, 30.133, 24.65, 9.767, 6.8, 15.017, 6.983, 28.417, 7.433], [9.133, 11.983, 11.1, 4.783, 26.15, 17.95, 7.417, 23.75, 0.0, 14.667, 4.317, 19.1, 25.05, 11.583, 26.683, 16.217, 25.85], [13.65, 17.167, 19.617, 13.7, 20.4, 26.583, 15.567, 29.583, 14.4, 0.0, 16.45, 26.333, 31.167, 17.85, 32.283, 7.367, 34.017], [7.85, 11.967, 10.467, 4.817, 25.033, 16.417, 7.417, 21.65, 3.45, 17.067, 0.0, 17.433, 23.633, 10.717, 24.633, 16.367, 23.283], [22.117, 23.283, 10.533, 19.867, 16.033, 0.983, 19.317, 8.883, 18.233, 25.433, 16.717, 0.0, 10.75, 11.333, 12.05, 25.2, 10.383], [28.9, 31.5, 17.2, 27.95, 15.75, 10.833, 27.417, 4.533, 24.2, 28.833, 24.6, 10.767, 0.0, 16.033, 1.483, 28.417, 10.1], [15.033, 19.45, 7.233, 13.483, 18.567, 12.0, 15.083, 14.633, 11.183, 16.867, 12.35, 11.667, 16.533, 0.0, 17.783, 16.5, 19.433], [28.417, 31.567, 17.983, 27.617, 16.933, 11.85, 27.517, 6.933, 24.667, 28.917, 25.267, 11.683, 1.533, 16.95, 0.0, 28.283, 9.183], [16.5, 19.967, 20.333, 16.467, 17.1, 23.833, 18.183, 26.533, 14.1, 6.917, 16.083, 23.717, 28.267, 18.133, 29.333, 0.0, 30.683], [27.317, 28.717, 16.5, 25.117, 20.8, 9.383, 24.817, 7.6, 24.0, 30.583, 22.567, 10.233, 10.467, 18.617, 9.283, 29.917, 0.0]]}