{"SER_NUM": 12, "VEH_NUM": 5, "c_1": 7, "c_2": 0.08, "c_3": 550, "c_4": 1.2, "phi_0": 0.0002, "yita": 0.0004, "omega": 60, "Q": 5400, "Q_h": 45, "M": 444444, "N_s": ["1", "2", "3", "4", "9", "10", "11", "12", "13", "14", "15", "16"], "N": ["0", "1", "2", "3", "4", "9", "10", "11", "12", "13", "14", "15", "16"], "K": ["1", "2", "3", "4", "5"], "ser_node": [4, 7, 12, 20, 25, 31, 37, 40, 52, 53, 54, 57, 58, 59, 62, 72], "ser_class": ["HS", "HS", "HS", "HS", "GS", "GS", "GS", "GS", "CS", "CS", "CS", "CS", "CS", "CS", "CS", "CS"], "d_h_i": {"1": 4.0, "2": 3.0, "3": 4.0, "4": 3.0, "9": 4.0, "10": 4.0, "11": 3.0, "12": 4.0, "13": 4.0, "14": 4.0, "15": 3.0, "16": 3.0}, "p_h_i": {"1": 3.0, "2": 3.0, "3": 5.0, "4": 4.0, "9": 3.0, "10": 4.0, "11": 4.0, "12": 4.0, "13": 2.0, "14": 3.0, "15": 5.0, "16": 4.0}, "d_g_i": {"1": 0, "2": 0, "3": 0, "4": 0, "9": 0, "10": 0, "11": 0, "12": 0, "13": 0, "14": 0, "15": 0, "16": 0}, "p_g_i": {"1": 0, "2": 0, "3": 0, "4": 0, "9": 0, "10": 0, "11": 0, "12": 0, "13": 0, "14": 0, "15": 0, "16": 0}, "D_h": 43.0, "P_h": 44.0, "D_g": 0, "P_g": 0, "s_i": {"0": 0, "1": 5, "2": 0, "3": 3, "4": 5, "9": 6, "10": 17, "11": 20, "12": 8, "13": 5, "14": 8, "15": 3, "16": 4}, "a_i": {"1": 63.438900000000004, "2": 63.438900000000004, "3": 63.438900000000004, "4": 0, "9": 63.438900000000004, "10": 63.438900000000004, "11": 0, "12": 0, "13": 63.438900000000004, "14": 63.438900000000004, "15": 0, "16": 63.438900000000004}, "b_i": {"1": 634.389, "2": 634.389, "3": 634.389, "4": 570.9501, "9": 634.389, "10": 634.389, "11": 570.9501, "12": 570.9501, "13": 634.389, "14": 634.389, "15": 570.9501, "16": 634.389}, "delta_ij": [[0.0, 10.758, 9.753, 21.917, 3.86, 3.036, 1.351, 8.713, 2.863, 2.241, 4.865, 21.839, 1.8, 3.675, 4.471, 4.135, 5.719], [10.352, 0.0, 3.647, 16.521, 8.177, 7.857, 12.059, 9.804, 7.964, 9.235, 6.291, 17.136, 12.529, 7.798, 6.317, 13.181, 5.099], [8.908, 3.712, 0.0, 18.417, 6.849, 6.95, 10.505, 10.723, 6.954, 7.96, 5.281, 20.174, 12.153, 6.788, 5.924, 12.171, 4.88], [20.679, 16.337, 18.33, 0.0, 18.938, 18.601, 23.516, 15.183, 18.725, 21.531, 17.052, 1.748, 23.986, 18.559, 17.078, 23.942, 15.86], [3.135, 7.927, 7.03, 19.015, 0.0, 2.111, 4.1, 7.252, 1.735, 1.221, 2.168, 18.937, 4.57, 2.29, 1.614, 6.862, 2.862], [2.148, 7.854, 7.162, 19.955, 1.945, 0.0, 3.418, 9.029, 0.635, 3.056, 2.063, 19.877, 3.867, 0.639, 1.541, 6.125, 2.789], [1.349, 11.513, 10.508, 22.79, 4.714, 3.89, 0.0, 8.53, 4.606, 3.008, 5.62, 22.712, 1.106, 4.981, 5.325, 3.441, 6.573], [9.226, 9.704, 10.734, 15.042, 7.957, 9.061, 8.534, 0.0, 8.783, 6.549, 9.16, 14.384, 9.004, 9.325, 8.258, 11.339, 7.214], [1.949, 8.029, 7.168, 18.823, 2.12, 0.635, 3.219, 9.136, 0.0, 3.231, 2.069, 19.204, 4.171, 0.814, 1.716, 5.286, 2.964], [2.231, 9.089, 7.973, 19.696, 1.874, 3.21, 3.1, 6.636, 2.73, 0.0, 3.111, 19.618, 3.57, 3.233, 2.557, 5.905, 3.805], [3.947, 7.767, 5.714, 17.58, 1.888, 1.989, 5.544, 9.903, 1.993, 2.999, 0.0, 17.961, 6.207, 1.827, 1.484, 7.21, 3.014], [20.756, 16.414, 18.407, 0.078, 18.85, 18.798, 22.724, 14.391, 18.802, 19.908, 17.129, 0.0, 23.194, 18.636, 17.138, 24.019, 16.094], [1.55, 12.279, 10.709, 23.01, 4.934, 4.11, 0.858, 8.75, 4.826, 3.228, 6.273, 22.932, 0.0, 4.749, 5.545, 2.689, 7.707], [2.804, 7.614, 6.717, 18.475, 1.705, 0.656, 4.074, 8.923, 0.831, 2.816, 1.855, 19.09, 5.778, 0.0, 1.301, 6.781, 2.549], [3.689, 6.314, 5.943, 17.175, 1.448, 1.541, 5.438, 8.31, 1.716, 2.559, 1.598, 17.79, 5.908, 1.72, 0.0, 6.915, 1.249], [3.266, 13.176, 12.171, 24.037, 6.316, 6.124, 3.445, 11.337, 6.81, 5.815, 7.283, 24.295, 2.643, 6.644, 7.888, 0.0, 9.136], [4.824, 5.268, 4.897, 16.129, 2.694, 2.787, 6.641, 7.264, 2.962, 3.805, 1.973, 16.744, 7.111, 2.966, 1.247, 9.15, 0.0]], "t_ij": [[0.0, 26.95, 23.167, 35.533, 10.467, 8.933, 4.567, 19.267, 9.117, 9.85, 13.3, 36.133, 7.2, 11.4, 11.367, 9.417, 13.617], [25.95, 0.0, 10.483, 23.95, 19.3, 19.683, 26.95, 15.0, 18.817, 21.717, 15.483, 24.7, 28.183, 18.85, 15.1, 28.067, 13.833], [22.0, 10.0, 0.0, 33.25, 16.633, 17.033, 24.983, 21.05, 14.933, 21.6, 12.217, 31.583, 26.367, 15.417, 13.4, 24.5, 12.433], [35.9, 23.067, 28.817, 0.0, 30.367, 30.217, 32.1, 18.55, 29.483, 28.383, 26.15, 3.867, 33.5, 29.567, 25.917, 37.117, 24.55], [10.05, 20.183, 17.317, 30.017, 0.0, 7.283, 10.9, 14.617, 6.983, 7.067, 8.0, 30.183, 12.0, 7.667, 4.917, 15.033, 7.75], [7.617, 19.45, 15.333, 31.95, 7.167, 0.0, 11.167, 18.083, 2.017, 9.483, 7.45, 31.833, 11.9, 2.6, 4.017, 12.1, 7.283], [4.05, 28.633, 24.7, 33.35, 11.983, 10.967, 0.0, 15.967, 12.183, 8.65, 14.45, 33.25, 3.733, 13.283, 13.283, 7.5, 15.617], [17.517, 16.233, 22.367, 19.533, 16.217, 18.833, 16.317, 0.0, 17.517, 11.867, 17.15, 20.25, 17.317, 19.95, 14.817, 19.733, 14.083], [8.817, 18.333, 15.5, 31.017, 7.183, 2.45, 13.267, 19.033, 0.0, 10.083, 7.2, 31.867, 13.817, 3.133, 4.867, 14.667, 7.667], [7.85, 18.9, 18.783, 28.383, 7.483, 9.533, 9.117, 12.567, 8.75, 0.0, 10.517, 28.133, 10.05, 11.183, 8.35, 13.167, 10.667], [11.65, 15.183, 13.35, 29.017, 7.75, 7.283, 15.083, 17.433, 7.033, 9.917, 0.0, 29.467, 13.733, 7.25, 7.1, 14.05, 7.967], [33.5, 23.983, 27.667, 0.117, 28.183, 29.033, 33.033, 20.05, 28.517, 31.133, 25.117, 0.0, 34.233, 28.517, 24.767, 36.017, 23.767], [4.65, 24.233, 23.233, 31.933, 12.45, 11.033, 2.5, 15.283, 12.183, 8.15, 14.517, 32.0, 0.0, 13.55, 13.583, 7.0, 15.317], [8.633, 16.867, 15.267, 29.3, 7.283, 2.417, 13.183, 17.0, 2.967, 9.2, 7.35, 30.083, 13.367, 0.0, 3.95, 13.667, 7.317], [10.333, 13.1, 12.083, 25.517, 4.683, 4.067, 13.417, 14.65, 4.617, 7.983, 4.5, 26.633, 14.367, 4.967, 0.0, 16.767, 2.2], [7.917, 25.1, 22.967, 36.633, 14.6, 11.15, 7.817, 20.15, 13.033, 12.9, 14.0, 37.317, 7.133, 13.083, 14.867, 0.0, 16.967], [12.8, 12.833, 11.8, 24.85, 7.417, 7.483, 15.083, 13.167, 7.483, 10.25, 7.433, 25.15, 16.217, 7.733, 2.25, 16.85, 0.0]]}