{"SER_NUM": 15, "VEH_NUM": 5, "c_1": 7, "c_2": 0.08, "c_3": 550, "c_4": 1.2, "phi_0": 0.0002, "yita": 0.0004, "omega": 60, "Q": 5400, "Q_h": 45, "M": 444444, "N_s": ["1", "2", "3", "4", "5", "11", "12", "13", "14", "15", "16", "17", "18", "19", "20"], "N": ["0", "1", "2", "3", "4", "5", "11", "12", "13", "14", "15", "16", "17", "18", "19", "20"], "K": ["1", "2", "3", "4", "5"], "ser_node": [6, 7, 14, 18, 20, 26, 31, 35, 40, 45, 50, 54, 55, 59, 61, 62, 63, 69, 71, 72], "ser_class": ["HS", "HS", "HS", "HS", "HS", "GS", "GS", "GS", "GS", "GS", "CS", "CS", "CS", "CS", "CS", "CS", "CS", "CS", "CS", "CS"], "d_h_i": {"1": 5.0, "2": 3.0, "3": 4.0, "4": 3.0, "5": 5.0, "11": 5.0, "12": 5.0, "13": 4.0, "14": 5.0, "15": 5.0, "16": 4.0, "17": 4.0, "18": 3.0, "19": 4.0, "20": 4.0}, "p_h_i": {"1": 5.0, "2": 4.0, "3": 4.0, "4": 3.0, "5": 4.0, "11": 4.0, "12": 4.0, "13": 4.0, "14": 3.0, "15": 5.0, "16": 4.0, "17": 4.0, "18": 3.0, "19": 3.0, "20": 4.0}, "d_g_i": {"1": 0, "2": 0, "3": 0, "4": 0, "5": 0, "11": 0, "12": 0, "13": 0, "14": 0, "15": 0, "16": 0, "17": 0, "18": 0, "19": 0, "20": 0}, "p_g_i": {"1": 0, "2": 0, "3": 0, "4": 0, "5": 0, "11": 0, "12": 0, "13": 0, "14": 0, "15": 0, "16": 0, "17": 0, "18": 0, "19": 0, "20": 0}, "D_h": 63.0, "P_h": 58.0, "D_g": 0, "P_g": 0, "s_i": {"0": 0, "1": 2, "2": 0, "3": 3, "4": 3, "5": 0, "11": 16, "12": 14, "13": 15, "14": 5, "15": 15, "16": 12, "17": 4, "18": 2, "19": 18, "20": 17}, "a_i": {"1": 85.29570000000001, "2": 85.29570000000001, "3": 0, "4": 0, "5": 85.29570000000001, "11": 85.29570000000001, "12": 0, "13": 85.29570000000001, "14": 85.29570000000001, "15": 0, "16": 0, "17": 85.29570000000001, "18": 0, "19": 0, "20": 85.29570000000001}, "b_i": {"1": 852.957, "2": 852.957, "3": 767.6613, "4": 767.6613, "5": 852.957, "11": 852.957, "12": 767.6613, "13": 852.957, "14": 852.957, "15": 767.6613, "16": 767.6613, "17": 852.957, "18": 767.6613, "19": 767.6613, "20": 852.957}, "delta_ij": [[0.0, 3.031, 9.753, 7.205, 13.461, 3.86, 15.766, 1.351, 2.612, 2.863, 7.865, 6.487, 21.839, 13.733, 4.471, 4.813, 4.135, 7.459, 9.845, 2.939, 5.719], [2.842, 0.0, 7.396, 4.461, 11.036, 1.297, 13.603, 3.85, 2.91, 2.101, 10.342, 6.69, 19.276, 12.022, 1.98, 7.323, 6.612, 4.989, 7.514, 1.367, 3.228], [8.908, 7.131, 0.0, 8.177, 5.049, 6.849, 12.826, 10.505, 7.127, 6.954, 17.157, 4.415, 20.174, 14.652, 5.924, 14.154, 12.171, 7.091, 2.461, 9.444, 4.88], [6.874, 4.828, 8.179, 0.0, 7.326, 5.447, 9.581, 6.814, 7.011, 6.239, 13.349, 9.831, 15.566, 7.55, 5.703, 10.287, 9.619, 2.657, 10.508, 4.575, 4.659], [12.867, 10.974, 4.618, 7.588, 0.0, 10.692, 8.953, 14.398, 10.004, 9.831, 20.933, 7.173, 16.535, 13.039, 8.167, 17.871, 15.048, 6.737, 5.219, 12.159, 6.966], [3.135, 0.392, 7.03, 4.711, 10.609, 0.0, 12.864, 4.1, 2.489, 1.735, 10.592, 6.459, 18.937, 12.118, 1.614, 7.573, 6.862, 4.557, 7.148, 1.617, 2.862], [14.916, 13.023, 11.758, 9.582, 8.963, 12.741, 0.0, 16.686, 12.326, 12.153, 23.221, 13.41, 8.434, 6.103, 10.506, 19.865, 17.37, 8.786, 13.694, 14.447, 9.288], [1.349, 3.678, 10.508, 6.821, 14.151, 4.714, 16.421, 0.0, 3.367, 4.606, 7.171, 7.677, 22.712, 13.55, 5.325, 3.524, 3.441, 8.038, 10.6, 2.754, 6.573], [2.367, 2.654, 7.17, 7.03, 9.792, 2.365, 12.069, 3.321, 0.0, 1.055, 9.701, 4.366, 20.382, 13.563, 1.961, 7.613, 5.05, 6.002, 7.262, 3.872, 3.209], [1.949, 2.402, 7.168, 6.728, 9.646, 2.12, 11.856, 3.219, 0.966, 0.0, 10.236, 4.746, 19.204, 13.095, 1.716, 7.195, 5.286, 5.672, 7.049, 3.627, 2.964], [7.584, 10.096, 17.244, 13.234, 20.564, 10.794, 22.686, 7.051, 9.575, 11.672, 0.0, 14.202, 29.125, 19.963, 11.405, 6.811, 4.862, 14.451, 16.799, 9.167, 12.653], [6.115, 6.558, 4.417, 9.828, 7.599, 6.276, 13.474, 7.684, 4.334, 4.815, 14.064, 0.0, 20.683, 16.303, 5.872, 11.361, 9.35, 8.742, 3.887, 7.783, 6.531], [20.756, 19.132, 18.407, 15.691, 15.612, 18.85, 8.102, 22.724, 18.975, 18.802, 29.259, 20.059, 0.0, 9.094, 17.138, 27.066, 24.019, 14.895, 20.732, 20.485, 16.094], [13.731, 12.25, 15.719, 7.629, 12.767, 11.968, 6.179, 13.558, 13.532, 12.76, 20.093, 16.322, 9.024, 0.0, 12.224, 17.031, 16.363, 8.013, 16.995, 11.014, 11.18], [3.689, 1.73, 5.943, 5.701, 7.931, 1.448, 10.208, 5.438, 1.919, 1.716, 11.93, 5.889, 17.79, 12.205, 0.0, 8.868, 6.915, 4.644, 6.578, 2.955, 1.249], [4.818, 7.18, 14.364, 10.301, 17.631, 8.216, 19.901, 3.531, 7.569, 8.027, 6.921, 11.349, 26.192, 17.03, 8.827, 0.0, 6.91, 11.631, 14.245, 6.234, 10.075], [3.266, 6.49, 12.171, 9.628, 14.793, 6.316, 17.443, 3.445, 5.097, 6.81, 4.986, 9.34, 24.295, 16.357, 7.888, 6.209, 0.0, 9.915, 12.263, 5.561, 9.136], [6.651, 4.758, 7.178, 2.572, 6.573, 4.476, 8.828, 8.117, 6.04, 5.268, 14.652, 8.83, 14.901, 8.082, 4.732, 11.59, 9.988, 0.0, 9.503, 5.878, 3.688], [8.992, 7.24, 2.467, 10.495, 5.649, 6.958, 13.799, 10.589, 7.211, 7.038, 16.969, 3.849, 21.008, 17.721, 6.554, 14.238, 12.255, 9.409, 0.0, 8.465, 7.198], [2.3, 1.404, 8.279, 4.996, 11.605, 1.943, 14.233, 3.169, 3.456, 2.799, 9.704, 7.236, 19.845, 11.725, 2.626, 6.642, 5.974, 5.502, 8.16, 0.0, 3.874], [4.824, 2.976, 4.897, 4.626, 6.885, 2.694, 9.162, 6.641, 3.165, 2.962, 13.176, 7.135, 16.744, 11.159, 1.247, 10.114, 9.15, 3.598, 7.824, 4.201, 0.0]],