{"SER_NUM": 15, "VEH_NUM": 5, "c_1": 7, "c_2": 0.08, "c_3": 550, "c_4": 1.2, "phi_0": 0.0002, "yita": 0.0004, "omega": 60, "Q": 5400, "Q_h": 45, "M": 444444, "N_s": ["6", "7", "8", "9", "10", "11", "12", "13", "14", "15", "16", "17", "18", "19", "20"], "N": ["0", "6", "7", "8", "9", "10", "11", "12", "13", "14", "15", "16", "17", "18", "19", "20"], "K": ["1", "2", "3", "4", "5"], "ser_node": [1, 10, 12, 22, 24, 25, 26, 27, 41, 42, 49, 51, 54, 55, 59, 62, 63, 69, 71, 72], "ser_class": ["HS", "HS", "HS", "HS", "HS", "GS", "GS", "GS", "GS", "GS", "CS", "CS", "CS", "CS", "CS", "CS", "CS", "CS", "CS", "CS"], "d_h_i": {"6": 0, "7": 0, "8": 0, "9": 0, "10": 0, "11": 0, "12": 0, "13": 0, "14": 0, "15": 0, "16": 0, "17": 0, "18": 0, "19": 0, "20": 0}, "p_h_i": {"6": 0, "7": 0, "8": 0, "9": 0, "10": 0, "11": 0, "12": 0, "13": 0, "14": 0, "15": 0, "16": 0, "17": 0, "18": 0, "19": 0, "20": 0}, "d_g_i": {"6": 199.0, "7": 229.0, "8": 261.0, "9": 213.0, "10": 229.0, "11": 245.0, "12": 234.0, "13": 112.0, "14": 316.0, "15": 235.0, "16": 241.0, "17": 272.0, "18": 254.0, "19": 262.0, "20": 126.0}, "p_g_i": {"6": 204.0, "7": 276.0, "8": 137.0, "9": 274.0, "10": 254.0, "11": 236.0, "12": 102.0, "13": 255.0, "14": 222.0, "15": 222.0, "16": 186.0, "17": 134.0, "18": 225.0, "19": 277.0, "20": 242.0}, "D_h": 0, "P_h": 0, "D_g": 3428.0, "P_g": 3246.0, "s_i": {"0": 0, "6": 7, "7": 12, "8": 10, "9": 2, "10": 0, "11": 16, "12": 4, "13": 9, "14": 0, "15": 8, "16": 2, "17": 18, "18": 12, "19": 3, "20": 16}, "a_i": {"6": 0, "7": 88.2, "8": 0, "9": 88.2, "10": 88.2, "11": 0, "12": 88.2, "13": 0, "14": 0, "15": 88.2, "16": 0, "17": 88.2, "18": 88.2, "19": 0, "20": 0}, "b_i": {"6": 793.8000000000001, "7": 882.0, "8": 793.8000000000001, "9": 882.0, "10": 882.0, "11": 793.8000000000001, "12": 882.0, "13": 793.8000000000001, "14": 793.8000000000001, "15": 882.0, "16": 793.8000000000001, "17": 882.0, "18": 882.0, "19": 793.8000000000001, "20": 793.8000000000001}, "delta_ij": [[0.0, 3.069, 1.426, 21.917, 3.377, 8.766, 3.036, 15.766, 8.103, 1.194, 3.377, 9.348, 5.88, 21.839, 13.733, 4.471, 4.135, 7.459, 9.845, 2.939, 5.719], [3.034, 0.0, 1.842, 20.273, 5.805, 6.59, 2.359, 13.306, 10.081, 3.1, 5.16, 12.956, 6.375, 20.654, 16.425, 3.952, 5.129, 7.954, 7.987, 5.775, 5.185], [1.823, 1.844, 0.0, 20.654, 4.047, 6.916, 1.161, 13.175, 9.581, 1.342, 3.307, 10.363, 4.617, 20.576, 13.757, 2.702, 4.357, 6.196, 7.995, 3.993, 3.95], [20.679, 20.175, 19.681, 0.0, 19.089, 17.857, 18.601, 8.025, 30.289, 19.485, 21.878, 15.818, 17.051, 1.748, 11.148, 17.078, 23.942, 15.345, 20.266, 21.277, 15.86], [3.676, 5.722, 3.983, 18.316, 0.0, 6.987, 3.39, 12.253, 11.416, 3.226, 1.501, 6.599, 2.399, 18.238, 10.984, 2.818, 7.448, 3.951, 8.427, 2.136, 3.259], [7.928, 6.593, 7.549, 17.943, 6.971, 0.0, 5.97, 10.976, 16.415, 6.734, 6.699, 10.918, 5.775, 18.558, 14.178, 5.467, 11.191, 6.617, 3.651, 7.401, 4.406], [2.148, 2.358, 1.161, 19.955, 3.348, 5.964, 0.0, 11.85, 10.673, 0.954, 2.75, 9.664, 3.918, 19.877, 13.058, 1.541, 6.125, 5.497, 7.043, 3.452, 2.789], [14.916, 13.603, 13.109, 8.053, 12.525, 11.285, 12.029, 0.0, 23.459, 12.913, 13.753, 8.168, 10.24, 8.434, 6.103, 10.506, 17.37, 8.786, 13.694, 14.447, 9.288], [7.869, 10.273, 9.126, 29.488, 11.338, 16.331, 10.23, 22.59, 0.0, 9.036, 10.133, 15.863, 13.302, 29.41, 20.248, 11.69, 5.147, 14.736, 17.41, 9.452, 12.938], [1.194, 3.503, 2.291, 20.723, 2.862, 7.616, 1.842, 14.572, 9.108, 0.0, 2.183, 9.612, 4.686, 20.645, 14.035, 3.277, 4.372, 6.265, 8.695, 2.869, 4.525], [2.518, 4.926, 3.146, 19.483, 1.343, 6.537, 2.579, 13.435, 10.523, 2.392, 0.0, 7.662, 3.446, 19.405, 12.047, 2.082, 6.68, 5.025, 7.616, 1.31, 3.33], [9.342, 13.198, 10.731, 15.677, 6.594, 10.896, 9.696, 8.238, 15.942, 9.607, 7.611, 0.0, 6.136, 15.019, 5.857, 8.893, 11.974, 4.774, 13.694, 6.93, 7.849], [5.022, 6.513, 4.646, 16.383, 2.393, 5.555, 3.917, 10.232, 13.408, 3.828, 3.651, 6.205, 0.0, 16.305, 9.486, 2.871, 8.359, 1.925, 8.353, 4.396, 2.059], [20.756, 20.252, 19.758, 0.078, 18.332, 17.934, 18.798, 8.102, 29.497, 19.562, 19.655, 14.802, 16.349, 0.0, 9.094, 17.138, 24.019, 14.895, 20.732, 20.485, 16.094], [13.731, 15.634, 13.767, 9.102, 10.983, 14.197, 13.038, 6.179, 20.331, 12.949, 12.0, 5.86, 9.467, 9.024, 0.0, 12.224, 16.363, 8.013, 16.995, 11.014, 11.18], [3.689, 3.899, 2.702, 17.175, 2.851, 5.499, 1.541, 10.208, 12.168, 2.495, 2.253, 8.9, 2.826, 17.79, 12.205, 0.0, 6.915, 4.644, 6.578, 2.955, 1.249], [3.266, 5.126, 4.363, 24.037, 7.447, 11.184, 6.124, 17.443, 5.224, 4.375, 6.242, 11.972, 8.336, 24.295, 16.357, 7.888, 0.0, 9.915, 12.263, 5.561, 9.136], [6.651, 8.713, 6.275, 14.979, 4.021, 6.705, 5.863, 8.828, 15.033, 5.457, 5.251, 4.822, 1.975, 14.901, 8.082, 4.732, 9.988, 0.0, 9.503, 5.878, 3.688], [8.992, 7.657, 7.994, 20.393, 8.361, 2.66, 7.034, 13.799, 17.207, 7.798, 7.763, 14.311, 8.567, 21.008, 17.721, 6.554, 12.255, 9.409, 0.0, 8.465, 7.198], [2.3, 5.447, 3.667, 19.923, 1.522, 7.081, 3.279, 14.233, 9.942, 2.988, 0.682, 7.34, 3.99, 19.845, 11.725, 2.626, 5.974, 5.502, 8.16, 0.0, 3.874], [4.824, 5.194, 3.948, 16.129, 3.117, 4.424, 2.787, 9.162, 13.414, 3.63, 3.499, 7.899, 1.78, 16.744, 11.159, 1.247, 9.15, 3.598, 7.824, 4.201, 0.0]],