{"SER_NUM": 15, "VEH_NUM": 5, "c_1": 7, "c_2": 0.08, "c_3": 550, "c_4": 1.2, "phi_0": 0.0002, "yita": 0.0004, "omega": 60, "Q": 5400, "Q_h": 45, "M": 444444, "N_s": ["6", "7", "8", "9", "10", "11", "12", "13", "14", "15", "16", "17", "18", "19", "20"], "N": ["0", "6", "7", "8", "9", "10", "11", "12", "13", "14", "15", "16", "17", "18", "19", "20"], "K": ["1", "2", "3", "4", "5"], "ser_node": [4, 6, 9, 20, 22, 33, 34, 36, 38, 39, 51, 53, 54, 55, 56, 59, 62, 65, 69, 71], "ser_class": ["HS", "HS", "HS", "HS", "HS", "GS", "GS", "GS", "GS", "GS", "CS", "CS", "CS", "CS", "CS", "CS", "CS", "CS", "CS", "CS"], "d_h_i": {"6": 0, "7": 0, "8": 0, "9": 0, "10": 0, "11": 0, "12": 0, "13": 0, "14": 0, "15": 0, "16": 0, "17": 0, "18": 0, "19": 0, "20": 0}, "p_h_i": {"6": 0, "7": 0, "8": 0, "9": 0, "10": 0, "11": 0, "12": 0, "13": 0, "14": 0, "15": 0, "16": 0, "17": 0, "18": 0, "19": 0, "20": 0}, "d_g_i": {"6": 204.0, "7": 255.0, "8": 213.0, "9": 260.0, "10": 270.0, "11": 225.0, "12": 265.0, "13": 218.0, "14": 169.0, "15": 219.0, "16": 176.0, "17": 269.0, "18": 231.0, "19": 205.0, "20": 212.0}, "p_g_i": {"6": 231.0, "7": 317.0, "8": 257.0, "9": 220.0, "10": 310.0, "11": 208.0, "12": 241.0, "13": 198.0, "14": 198.0, "15": 306.0, "16": 260.0, "17": 159.0, "18": 247.0, "19": 253.0, "20": 258.0}, "D_h": 0, "P_h": 0, "D_g": 3391.0, "P_g": 3663.0, "s_i": {"0": 0, "6": 2, "7": 11, "8": 9, "9": 10, "10": 5, "11": 12, "12": 6, "13": 20, "14": 5, "15": 15, "16": 8, "17": 13, "18": 7, "19": 20, "20": 4}, "a_i": {"6": 78.3657, "7": 0, "8": 0, "9": 78.3657, "10": 78.3657, "11": 78.3657, "12": 78.3657, "13": 0, "14": 78.3657, "15": 0, "16": 0, "17": 0, "18": 0, "19": 78.3657, "20": 0}, "b_i": {"6": 783.657, "7": 705.2913000000001, "8": 705.2913000000001, "9": 783.657, "10": 783.657, "11": 783.657, "12": 783.657, "13": 705.2913000000001, "14": 783.657, "15": 705.2913000000001, "16": 705.2913000000001, "17": 705.2913000000001, "18": 705.2913000000001, "19": 783.657, "20": 705.2913000000001}, "delta_ij": [[0.0, 10.758, 3.031, 8.404, 3.86, 3.377, 1.013, 3.668, 15.664, 0.97, 4.176, 5.88, 4.865, 21.839, 13.733, 19.045, 4.471, 4.135, 11.134, 9.845, 2.939], [10.352, 0.0, 8.459, 2.355, 8.177, 7.821, 11.205, 10.013, 9.452, 11.271, 8.467, 6.532, 6.291, 17.136, 13.849, 15.742, 6.317, 13.181, 2.51, 4.311, 9.82], [2.842, 8.293, 0.0, 5.939, 1.297, 1.318, 2.687, 5.5, 13.128, 3.062, 2.713, 3.437, 2.534, 19.276, 12.022, 16.532, 1.98, 6.612, 8.803, 7.514, 1.367], [7.564, 2.355, 5.692, 0.0, 5.823, 5.369, 7.907, 7.659, 7.014, 8.917, 6.113, 4.178, 3.937, 14.698, 11.18, 13.304, 3.963, 10.827, 4.849, 6.65, 7.466], [3.135, 7.927, 0.392, 5.573, 0.0, 1.568, 2.937, 5.306, 12.762, 3.269, 2.963, 2.978, 2.168, 18.937, 12.118, 16.193, 1.614, 6.862, 8.437, 7.148, 1.617], [3.676, 7.831, 1.671, 5.477, 2.21, 0.0, 3.273, 6.585, 12.151, 3.855, 1.525, 2.399, 3.372, 18.238, 10.984, 15.494, 2.818, 7.448, 9.212, 8.427, 2.136], [1.013, 10.498, 2.52, 8.652, 3.556, 3.545, 0.0, 4.593, 15.36, 0.541, 3.139, 5.576, 4.355, 21.86, 12.698, 18.795, 4.167, 4.217, 10.874, 9.585, 1.902], [2.401, 10.074, 4.04, 7.72, 3.758, 5.208, 3.737, 0.0, 13.866, 3.197, 6.32, 5.778, 4.181, 21.737, 14.918, 18.993, 4.369, 3.22, 10.45, 9.161, 5.083], [13.847, 9.992, 13.002, 7.151, 11.788, 12.257, 15.572, 13.942, 0.0, 15.638, 12.834, 10.219, 10.22, 8.174, 5.843, 7.014, 10.246, 17.11, 11.633, 13.434, 13.893], [0.971, 11.274, 2.893, 8.517, 3.929, 3.855, 0.542, 4.503, 15.161, 0.0, 3.206, 5.819, 4.978, 21.927, 12.765, 18.918, 4.54, 3.676, 11.247, 9.958, 1.969], [4.824, 8.069, 3.598, 5.715, 4.137, 2.198, 3.91, 9.121, 12.314, 3.976, 0.0, 2.614, 5.399, 18.722, 9.56, 15.713, 4.541, 7.569, 9.169, 10.023, 2.525], [5.022, 6.399, 3.062, 4.045, 2.847, 2.393, 5.781, 7.451, 9.86, 5.847, 3.043, 0.0, 3.729, 16.305, 9.486, 13.561, 2.871, 8.359, 7.499, 8.353, 4.396], [3.947, 7.767, 2.17, 4.365, 1.888, 3.291, 4.29, 4.042, 10.511, 4.911, 4.832, 3.861, 0.0, 17.961, 13.001, 17.076, 1.484, 7.21, 7.148, 5.435, 3.395], [20.756, 16.414, 19.132, 14.06, 18.85, 18.332, 21.87, 20.851, 7.627, 21.936, 19.132, 16.349, 17.129, 0.0, 9.094, 3.05, 17.138, 24.019, 18.542, 20.732, 20.485], [13.731, 13.726, 12.25, 11.17, 11.968, 10.983, 12.704, 16.233, 5.704, 12.77, 9.966, 9.467, 13.082, 9.024, 0.0, 6.28, 12.224, 16.363, 15.899, 16.995, 11.014], [18.267, 15.73, 16.374, 13.376, 16.092, 15.574, 18.907, 20.167, 6.943, 18.973, 16.169, 13.591, 16.445, 2.918, 6.336, 0.0, 16.348, 22.566, 17.858, 20.048, 17.522], [3.689, 6.314, 1.73, 3.96, 1.448, 2.851, 4.07, 4.736, 10.106, 4.65, 4.907, 2.826, 1.598, 17.79, 12.205, 16.28, 0.0, 6.915, 7.867, 6.578, 2.955], [3.266, 13.176, 6.49, 10.822, 6.316, 7.447, 3.859, 3.527, 16.968, 3.675, 6.798, 8.336, 7.283, 24.295, 16.357, 21.551, 7.888, 0.0, 13.552, 12.263, 5.561], [10.176, 2.509, 8.424, 4.848, 8.142, 8.858, 10.519, 10.271, 11.521, 11.277, 9.504, 7.549, 6.694, 19.205, 15.918, 17.811, 7.337, 13.439, 0.0, 3.126, 9.649], [8.992, 4.312, 7.24, 6.651, 6.958, 8.361, 9.583, 9.087, 13.324, 9.956, 9.902, 8.567, 5.69, 21.008, 17.721, 19.614, 6.554, 12.255, 3.694, 0.0, 8.465], [2.3, 9.353, 1.404, 6.999, 1.943, 1.522, 2.315, 6.046, 12.839, 2.381, 2.166, 3.99, 3.18, 19.845, 11.725, 17.101, 2.626, 5.974, 9.449, 8.16, 0.0]],