{"SER_NUM": 20, "VEH_NUM": 5, "c_1": 7, "c_2": 0.08, "c_3": 550, "c_4": 1.2, "phi_0": 0.0002, "yita": 0.0004, "omega": 60, "Q": 5400, "Q_h": 45, "M": 444444, "N_s": ["1", "2", "3", "4", "5", "6", "7", "8", "9", "10", "11", "12", "13", "14", "15", "16", "17", "18", "19", "20"], "N": ["0", "1", "2", "3", "4", "5", "6", "7", "8", "9", "10", "11", "12", "13", "14", "15", "16", "17", "18", "19", "20"], "K": ["1", "2", "3", "4", "5"], "ser_node": [5, 11, 13, 16, 18, 28, 36, 38, 45, 46, 49, 52, 60, 61, 65, 67, 69, 70, 71, 72], "ser_class": ["HS", "HS", "HS", "HS", "HS", "GS", "GS", "GS", "GS", "GS", "CS", "CS", "CS", "CS", "CS", "CS", "CS", "CS", "CS", "CS"], "d_h_i": {"1": 3.0, "2": 4.0, "3": 4.0, "4": 3.0, "5": 3.0, "6": 0, "7": 0, "8": 0, "9": 0, "10": 0, "11": 4.0, "12": 2.0, "13": 2.0, "14": 3.0, "15": 3.0, "16": 3.0, "17": 3.0, "18": 3.0, "19": 3.0, "20": 2.0}, "p_h_i": {"1": 5.0, "2": 4.0, "3": 3.0, "4": 5.0, "5": 3.0, "6": 0, "7": 0, "8": 0, "9": 0, "10": 0, "11": 4.0, "12": 5.0, "13": 4.0, "14": 4.0, "15": 4.0, "16": 4.0, "17": 4.0, "18": 2.0, "19": 4.0, "20": 3.0}, "d_g_i": {"1": 0, "2": 0, "3": 0, "4": 0, "5": 0, "6": 203.0, "7": 274.0, "8": 226.0, "9": 310.0, "10": 236.0, "11": 225.0, "12": 189.0, "13": 222.0, "14": 279.0, "15": 215.0, "16": 186.0, "17": 184.0, "18": 168.0, "19": 215.0, "20": 252.0}, "p_g_i": {"1": 0, "2": 0, "3": 0, "4": 0, "5": 0, "6": 145.0, "7": 153.0, "8": 227.0, "9": 174.0, "10": 226.0, "11": 226.0, "12": 198.0, "13": 244.0, "14": 198.0, "15": 172.0, "16": 240.0, "17": 236.0, "18": 339.0, "19": 133.0, "20": 295.0}, "D_h": 45.0, "P_h": 58.0, "D_g": 3384.0, "P_g": 3206.0, "s_i": {"0": 0, "1": 0, "2": 1, "3": 2, "4": 2, "5": 5, "6": 4, "7": 3, "8": 9, "9": 8, "10": 13, "11": 19, "12": 7, "13": 12, "14": 20, "15": 5, "16": 4, "17": 1, "18": 12, "19": 16, "20": 4}, "a_i": {"1": 71.82000000000001, "2": 71.82000000000001, "3": 0, "4": 0, "5": 71.82000000000001, "6": 71.82000000000001, "7": 0, "8": 0, "9": 71.82000000000001, "10": 0, "11": 71.82000000000001, "12": 0, "13": 0, "14": 0, "15": 71.82000000000001, "16": 71.82000000000001, "17": 0, "18": 71.82000000000001, "19": 71.82000000000001, "20": 0}, "b_i": {"1": 718.2, "2": 718.2, "3": 646.3800000000001, "4": 646.3800000000001, "5": 718.2, "6": 718.2, "7": 646.3800000000001, "8": 646.3800000000001, "9": 718.2, "10": 646.3800000000001, "11": 718.2, "12": 646.3800000000001, "13": 646.3800000000001, "14": 646.3800000000001, "15": 718.2, "16": 718.2, "17": 646.3800000000001, "18": 718.2, "19": 718.2, "20": 646.3800000000001}, "delta_ij": [[0.0, 3.053, 3.75, 9.869, 4.112, 13.461, 7.911, 15.664, 0.97, 7.865, 3.204, 9.348, 2.241, 5.588, 4.813, 11.134, 6.703, 9.845, 18.529, 2.939, 5.719], [3.056, 0.0, 5.734, 12.214, 6.382, 15.877, 10.256, 18.03, 2.594, 5.822, 5.527, 10.891, 4.734, 7.913, 3.829, 13.479, 8.003, 12.19, 20.193, 4.48, 8.044], [3.231, 5.781, 0.0, 7.123, 4.349, 9.914, 4.963, 12.089, 4.195, 10.796, 3.837, 11.841, 4.313, 4.995, 8.477, 8.538, 7.42, 6.59, 20.765, 4.92, 4.062], [9.283, 12.517, 7.179, 0.0, 7.5, 3.854, 3.291, 11.529, 11.27, 17.751, 7.843, 12.516, 8.335, 6.421, 14.529, 2.497, 8.05, 3.661, 21.956, 9.819, 5.255], [3.752, 6.375, 4.382, 7.27, 0.0, 9.726, 6.09, 12.008, 3.864, 11.187, 1.377, 6.769, 1.826, 1.09, 8.125, 9.305, 3.069, 8.024, 16.116, 2.212, 2.953], [12.867, 16.121, 9.946, 3.489, 10.398, 0.0, 5.464, 8.851, 13.61, 20.933, 11.301, 9.838, 11.761, 8.839, 17.871, 3.418, 8.466, 5.219, 19.278, 12.159, 6.966], [7.062, 10.296, 4.739, 3.618, 6.063, 5.86, 0.0, 11.73, 8.026, 15.311, 5.647, 11.874, 6.139, 6.709, 12.308, 3.48, 8.057, 2.191, 21.042, 6.535, 5.833], [13.847, 17.243, 12.226, 11.704, 12.426, 8.703, 11.893, 0.0, 15.638, 22.961, 13.327, 7.908, 13.535, 10.867, 19.605, 11.633, 10.462, 13.434, 11.406, 13.893, 9.028], [0.971, 2.594, 4.183, 9.982, 3.871, 13.366, 8.024, 15.161, 0.0, 7.406, 3.016, 8.38, 2.223, 5.501, 4.333, 11.247, 5.492, 9.958, 17.682, 1.969, 5.788], [7.584, 5.707, 10.669, 17.034, 11.069, 20.564, 15.191, 22.211, 7.281, 0.0, 10.214, 15.578, 9.421, 12.699, 6.811, 18.414, 12.69, 16.799, 24.88, 9.167, 12.653], [2.383, 5.114, 3.352, 7.653, 1.464, 11.116, 5.721, 13.269, 2.603, 9.926, 0.0, 7.727, 1.035, 2.499, 6.864, 8.944, 4.055, 7.655, 17.074, 1.431, 3.369], [9.342, 10.892, 11.186, 11.485, 6.765, 9.582, 11.76, 7.763, 8.381, 15.704, 7.664, 0.0, 7.184, 6.692, 11.643, 12.512, 4.092, 13.694, 10.774, 6.93, 7.849], [2.231, 4.823, 4.288, 8.326, 1.639, 11.29, 6.157, 13.443, 2.312, 9.635, 0.979, 7.271, 0.0, 3.367, 6.573, 9.38, 4.159, 8.091, 16.573, 0.66, 3.805], [5.258, 7.814, 6.216, 6.625, 1.154, 9.024, 6.9, 10.672, 5.303, 12.626, 2.393, 6.492, 2.881, 0.0, 9.564, 7.98, 2.786, 8.834, 15.794, 3.852, 2.308], [4.818, 3.835, 8.47, 14.48, 8.136, 17.631, 12.311, 19.426, 4.337, 6.921, 7.281, 12.645, 6.488, 9.211, 0.0, 15.534, 9.757, 14.245, 21.947, 6.234, 10.075], [10.176, 13.41, 7.99, 2.18, 8.538, 3.846, 3.371, 11.521, 11.277, 18.153, 8.761, 12.508, 9.253, 7.459, 15.422, 0.0, 9.088, 3.126, 21.948, 9.649, 6.293], [6.39, 8.053, 7.553, 7.852, 3.14, 7.805, 8.127, 9.958, 5.542, 12.865, 4.039, 3.697, 4.345, 3.025, 9.803, 9.207, 0.0, 10.061, 12.999, 4.091, 4.216], [8.992, 12.226, 6.669, 3.334, 7.993, 5.649, 2.187, 13.324, 9.956, 16.969, 7.577, 14.311, 8.069, 8.364, 14.238, 3.694, 9.993, 0.0, 23.751, 8.465, 7.198], [18.643, 20.193, 20.747, 21.016, 16.066, 18.883, 21.291, 11.516, 17.682, 25.005, 16.965, 10.772, 16.485, 15.993, 21.943, 21.927, 13.393, 23.225, 0.0, 16.231, 17.41], [2.3, 4.892, 4.357, 8.395, 1.903, 11.605, 6.226, 12.839, 2.381, 9.704, 1.048, 7.34, 0.255, 2.867, 6.642, 9.449, 4.452, 8.16, 16.642, 0.0, 3.874], [4.824, 8.364, 4.266, 5.013, 2.895, 6.885, 5.288, 9.06, 5.853, 13.176, 3.313, 7.899, 3.805, 1.816, 10.114, 6.368, 4.152, 7.824, 17.398, 4.201, 0.0]],