{"SER_NUM": 15, "VEH_NUM": 5, "c_1": 7, "c_2": 0.08, "c_3": 550, "c_4": 1.2, "phi_0": 0.0002, "yita": 0.0004, "omega": 60, "Q": 5400, "Q_h": 45, "M": 444444, "N_s": ["6", "7", "8", "9", "10", "11", "12", "13", "14", "15", "16", "17", "18", "19", "20"], "N": ["0", "6", "7", "8", "9", "10", "11", "12", "13", "14", "15", "16", "17", "18", "19", "20"], "K": ["1", "2", "3", "4", "5"], "ser_node": [10, 17, 19, 21, 24, 32, 35, 39, 41, 43, 49, 52, 54, 55, 56, 57, 61, 63, 68, 72], "ser_class": ["HS", "HS", "HS", "HS", "HS", "GS", "GS", "GS", "GS", "GS", "CS", "CS", "CS", "CS", "CS", "CS", "CS", "CS", "CS", "CS"], "d_h_i": {"6": 0, "7": 0, "8": 0, "9": 0, "10": 0, "11": 0, "12": 0, "13": 0, "14": 0, "15": 0, "16": 0, "17": 0, "18": 0, "19": 0, "20": 0}, "p_h_i": {"6": 0, "7": 0, "8": 0, "9": 0, "10": 0, "11": 0, "12": 0, "13": 0, "14": 0, "15": 0, "16": 0, "17": 0, "18": 0, "19": 0, "20": 0}, "d_g_i": {"6": 220.0, "7": 253.0, "8": 190.0, "9": 226.0, "10": 265.0, "11": 286.0, "12": 273.0, "13": 299.0, "14": 300.0, "15": 235.0, "16": 173.0, "17": 209.0, "18": 285.0, "19": 173.0, "20": 241.0}, "p_g_i": {"6": 200.0, "7": 159.0, "8": 253.0, "9": 222.0, "10": 243.0, "11": 263.0, "12": 241.0, "13": 238.0, "14": 217.0, "15": 219.0, "16": 282.0, "17": 186.0, "18": 161.0, "19": 239.0, "20": 269.0}, "D_h": 0, "P_h": 0, "D_g": 3628.0, "P_g": 3392.0, "s_i": {"0": 0, "6": 3, "7": 14, "8": 4, "9": 14, "10": 11, "11": 15, "12": 16, "13": 14, "14": 17, "15": 13, "16": 12, "17": 5, "18": 6, "19": 8, "20": 15}, "a_i": {"6": 0, "7": 85.36500000000001, "8": 0, "9": 85.36500000000001, "10": 0, "11": 0, "12": 85.36500000000001, "13": 0, "14": 85.36500000000001, "15": 85.36500000000001, "16": 0, "17": 85.36500000000001, "18": 0, "19": 85.36500000000001, "20": 0}, "b_i": {"6": 768.285, "7": 853.65, "8": 768.285, "9": 853.65, "10": 768.285, "11": 768.285, "12": 853.65, "13": 768.285, "14": 853.65, "15": 853.65, "16": 768.285, "17": 853.65, "18": 768.285, "19": 853.65, "20": 768.285}, "delta_ij": [[0.0, 1.426, 2.219, 21.209, 10.943, 8.766, 1.756, 2.612, 4.176, 1.194, 0.946, 9.348, 2.241, 21.839, 13.733, 19.045, 1.8, 4.813, 7.459, 19.447, 5.719], [1.823, 0.0, 2.331, 19.996, 9.093, 6.916, 2.954, 0.783, 5.57, 1.342, 2.202, 10.363, 3.618, 20.576, 13.757, 17.832, 3.056, 6.069, 6.196, 18.41, 3.95], [2.282, 2.438, 0.0, 23.709, 13.355, 9.317, 2.69, 3.172, 8.946, 3.136, 2.661, 14.12, 7.963, 24.289, 18.505, 21.545, 4.791, 9.055, 7.99, 22.123, 6.25], [20.374, 19.998, 21.685, 0.0, 18.165, 18.662, 23.461, 19.703, 18.481, 19.18, 21.987, 14.151, 20.088, 0.728, 8.443, 2.399, 22.543, 25.546, 14.244, 1.913, 16.822], [9.956, 8.958, 11.256, 18.587, 0.0, 2.47, 11.925, 8.175, 9.269, 8.762, 11.148, 11.802, 9.033, 18.265, 15.003, 17.105, 12.216, 15.202, 8.701, 18.42, 6.058], [7.928, 7.549, 9.228, 18.646, 2.644, 0.0, 9.897, 6.147, 7.617, 6.734, 9.12, 10.918, 7.005, 18.558, 14.178, 18.253, 10.188, 13.174, 6.617, 18.831, 4.406], [1.756, 4.905, 0.906, 23.459, 13.903, 11.726, 0.0, 3.747, 5.318, 2.923, 1.695, 10.492, 4.335, 24.039, 14.877, 20.201, 1.163, 5.427, 8.565, 20.779, 9.678], [2.367, 0.741, 3.745, 19.802, 8.36, 6.183, 3.693, 0.0, 5.393, 1.173, 3.232, 10.169, 3.438, 20.382, 13.563, 17.638, 3.77, 7.613, 6.002, 18.216, 3.209], [4.824, 5.91, 7.049, 18.142, 11.986, 7.225, 6.152, 5.699, 0.0, 5.153, 4.678, 5.175, 2.779, 18.722, 9.56, 15.713, 5.234, 8.237, 4.048, 16.224, 3.497], [1.194, 2.291, 2.724, 20.065, 9.793, 7.616, 2.862, 2.019, 4.446, 0.0, 2.059, 9.612, 2.494, 20.645, 14.035, 17.901, 2.913, 6.658, 6.265, 18.479, 4.525], [0.946, 2.209, 2.837, 22.048, 11.295, 9.118, 1.695, 2.964, 3.737, 2.062, 0.0, 9.081, 2.665, 22.628, 13.466, 19.563, 1.022, 4.035, 7.753, 20.13, 6.013], [9.342, 10.731, 11.454, 14.439, 11.407, 10.896, 10.557, 10.154, 5.577, 9.607, 9.083, 0.0, 7.184, 15.019, 5.857, 12.01, 9.639, 11.643, 4.774, 12.536, 7.849], [2.231, 3.598, 5.385, 19.038, 9.189, 7.012, 3.567, 3.387, 1.945, 2.867, 2.662, 7.271, 0.0, 19.618, 11.656, 16.874, 3.57, 6.573, 5.238, 17.452, 3.805], [20.756, 19.758, 22.056, 0.799, 17.437, 17.934, 22.725, 18.975, 19.132, 19.562, 22.638, 14.802, 19.908, 0.0, 9.094, 3.05, 23.194, 27.066, 14.895, 2.564, 16.094], [13.731, 13.767, 15.843, 8.444, 14.592, 14.197, 14.946, 13.532, 9.966, 12.949, 13.472, 5.86, 11.573, 9.024, 0.0, 6.28, 14.028, 17.031, 8.013, 6.806, 11.18], [18.267, 17.891, 19.578, 2.338, 16.753, 17.25, 21.149, 17.656, 16.169, 17.073, 19.675, 12.063, 17.776, 2.918, 6.336, 0.0, 20.231, 23.234, 12.137, 0.47, 15.304], [1.55, 2.813, 2.169, 22.352, 11.899, 9.722, 1.272, 3.568, 4.211, 2.666, 0.772, 9.385, 3.228, 22.932, 13.77, 19.923, 0.0, 4.32, 8.371, 20.434, 7.707], [4.818, 6.081, 6.39, 25.291, 15.343, 13.166, 5.493, 7.569, 7.471, 5.934, 4.04, 12.645, 6.488, 26.192, 17.03, 23.127, 4.575, 0.0, 11.631, 23.694, 10.075], [6.651, 6.275, 7.962, 14.321, 8.398, 6.705, 8.631, 6.04, 4.525, 5.457, 8.031, 4.822, 5.557, 14.901, 8.082, 12.157, 8.587, 11.59, 0.0, 12.735, 3.688], [18.792, 18.416, 20.103, 1.908, 17.223, 18.846, 21.574, 18.181, 16.594, 17.598, 20.1, 12.477, 18.201, 2.488, 6.861, 0.526, 20.656, 23.659, 12.662, 0.0, 15.829], [4.824, 3.948, 6.135, 17.398, 6.304, 4.424, 6.804, 3.165, 3.861, 3.63, 6.555, 7.899, 3.805, 16.744, 11.159, 15.234, 7.111, 10.114, 3.598, 15.812, 0.0]],