{"SER_NUM": 15, "VEH_NUM": 5, "c_1": 7, "c_2": 0.08, "c_3": 550, "c_4": 1.2, "phi_0": 0.0002, "yita": 0.0004, "omega": 60, "Q": 5400, "Q_h": 45, "M": 444444, "N_s": ["6", "7", "8", "9", "10", "11", "12", "13", "14", "15", "16", "17", "18", "19", "20"], "N": ["0", "6", "7", "8", "9", "10", "11", "12", "13", "14", "15", "16", "17", "18", "19", "20"], "K": ["1", "2", "3", "4", "5"], "ser_node": [9, 16, 18, 19, 22, 27, 36, 37, 43, 46, 50, 53, 54, 57, 61, 62, 63, 65, 69, 71], "ser_class": ["HS", "HS", "HS", "HS", "HS", "GS", "GS", "GS", "GS", "GS", "CS", "CS", "CS", "CS", "CS", "CS", "CS", "CS", "CS", "CS"], "d_h_i": {"6": 0, "7": 0, "8": 0, "9": 0, "10": 0, "11": 0, "12": 0, "13": 0, "14": 0, "15": 0, "16": 0, "17": 0, "18": 0, "19": 0, "20": 0}, "p_h_i": {"6": 0, "7": 0, "8": 0, "9": 0, "10": 0, "11": 0, "12": 0, "13": 0, "14": 0, "15": 0, "16": 0, "17": 0, "18": 0, "19": 0, "20": 0}, "d_g_i": {"6": 268.0, "7": 172.0, "8": 271.0, "9": 178.0, "10": 183.0, "11": 231.0, "12": 219.0, "13": 187.0, "14": 142.0, "15": 254.0, "16": 206.0, "17": 243.0, "18": 208.0, "19": 287.0, "20": 336.0}, "p_g_i": {"6": 284.0, "7": 249.0, "8": 335.0, "9": 164.0, "10": 204.0, "11": 203.0, "12": 147.0, "13": 267.0, "14": 219.0, "15": 220.0, "16": 204.0, "17": 342.0, "18": 231.0, "19": 237.0, "20": 290.0}, "D_h": 0, "P_h": 0, "D_g": 3385.0, "P_g": 3596.0, "s_i": {"0": 0, "6": 9, "7": 4, "8": 10, "9": 13, "10": 12, "11": 2, "12": 18, "13": 20, "14": 9, "15": 20, "16": 0, "17": 3, "18": 9, "19": 0, "20": 16}, "a_i": {"6": 0, "7": 88.2, "8": 88.2, "9": 88.2, "10": 0, "11": 88.2, "12": 0, "13": 88.2, "14": 88.2, "15": 0, "16": 0, "17": 88.2, "18": 88.2, "19": 0, "20": 0}, "b_i": {"6": 793.8000000000001, "7": 882.0, "8": 882.0, "9": 882.0, "10": 793.8000000000001, "11": 882.0, "12": 793.8000000000001, "13": 882.0, "14": 882.0, "15": 793.8000000000001, "16": 793.8000000000001, "17": 882.0, "18": 882.0, "19": 793.8000000000001, "20": 793.8000000000001}, "delta_ij": [[0.0, 8.404, 4.112, 13.461, 21.209, 3.377, 8.103, 15.664, 8.713, 0.946, 3.204, 6.487, 4.865, 21.839, 1.8, 4.813, 4.135, 7.459, 11.134, 9.845, 2.939], [7.564, 0.0, 5.147, 4.165, 14.786, 5.369, 16.051, 7.014, 7.344, 9.619, 6.432, 6.867, 3.937, 14.698, 10.175, 13.178, 10.827, 4.878, 4.849, 6.65, 7.466], [3.752, 5.171, 0.0, 9.726, 17.873, 0.464, 11.425, 12.008, 6.134, 4.183, 1.377, 7.335, 3.044, 18.453, 5.122, 8.125, 7.457, 3.674, 9.305, 8.024, 2.212], [12.867, 4.16, 10.398, 0.0, 16.623, 10.237, 21.171, 8.851, 9.203, 14.312, 11.301, 7.173, 8.158, 16.535, 14.868, 17.871, 15.048, 6.737, 3.418, 5.219, 12.159], [20.374, 14.788, 17.905, 16.34, 0.0, 17.681, 28.846, 8.355, 13.74, 21.987, 18.808, 20.787, 17.857, 0.728, 22.543, 25.546, 24.878, 14.244, 19.27, 21.071, 19.834], [3.676, 5.477, 0.468, 9.998, 17.658, 0.0, 11.416, 12.151, 5.964, 4.147, 1.341, 7.738, 3.372, 18.238, 5.113, 8.116, 7.448, 3.951, 9.212, 8.427, 2.136], [7.869, 15.969, 11.354, 20.849, 28.83, 11.338, 0.0, 22.496, 15.228, 7.25, 10.499, 14.487, 12.43, 29.41, 6.534, 7.096, 5.147, 14.736, 18.699, 17.41, 9.452], [13.847, 7.151, 12.426, 8.703, 8.496, 12.257, 23.199, 0.0, 7.273, 16.046, 13.327, 13.15, 10.22, 8.174, 16.896, 19.605, 17.11, 8.765, 11.633, 13.434, 13.893], [9.226, 7.35, 6.13, 8.947, 13.804, 6.018, 15.307, 7.128, 0.0, 8.448, 7.029, 12.386, 9.16, 14.384, 9.004, 12.007, 11.339, 4.121, 11.877, 13.678, 6.295], [0.946, 8.756, 4.199, 13.897, 22.048, 4.143, 7.325, 15.862, 8.446, 0.0, 3.291, 7.274, 5.203, 22.628, 1.022, 4.035, 3.357, 7.753, 11.486, 10.197, 2.53], [2.383, 6.56, 1.464, 11.116, 18.786, 1.408, 10.164, 13.269, 7.092, 2.921, 0.0, 6.231, 2.675, 19.444, 3.861, 6.864, 6.196, 5.063, 8.944, 7.655, 1.431], [6.115, 6.853, 7.311, 7.599, 20.771, 7.679, 14.302, 12.999, 12.374, 7.279, 6.77, 0.0, 5.008, 20.683, 8.347, 11.361, 9.35, 8.742, 5.219, 3.887, 7.783], [3.947, 4.365, 2.923, 8.336, 18.283, 3.291, 12.162, 10.511, 9.903, 5.139, 2.507, 4.746, 0.0, 17.961, 6.207, 9.308, 7.21, 5.44, 7.148, 5.435, 3.395], [20.756, 14.06, 18.556, 15.612, 0.799, 18.332, 29.497, 7.627, 14.391, 22.638, 19.402, 20.059, 17.129, 0.0, 23.194, 27.066, 24.019, 14.895, 18.542, 20.732, 20.485], [1.55, 9.925, 4.876, 14.371, 22.352, 4.783, 6.657, 16.166, 8.75, 0.772, 4.021, 7.878, 6.273, 22.932, 0.0, 4.32, 2.689, 8.371, 12.542, 10.801, 2.974], [4.818, 13.185, 8.136, 17.631, 25.291, 8.12, 7.159, 19.426, 12.01, 4.04, 7.281, 11.349, 9.265, 26.192, 4.575, 0.0, 6.91, 11.631, 15.534, 14.245, 6.234], [3.266, 10.822, 7.463, 14.793, 24.939, 7.447, 5.224, 16.968, 11.337, 3.205, 6.608, 9.34, 7.283, 24.295, 2.643, 6.209, 0.0, 9.915, 13.552, 12.263, 5.561], [6.651, 4.976, 3.8, 6.573, 14.321, 4.021, 15.033, 8.726, 4.187, 8.031, 5.085, 8.83, 5.59, 14.901, 8.587, 11.59, 9.988, 0.0, 8.649, 9.503, 5.878], [10.176, 4.848, 8.538, 3.846, 19.293, 8.858, 18.391, 11.521, 11.873, 11.368, 8.761, 5.08, 6.694, 19.205, 12.573, 15.422, 13.439, 9.407, 0.0, 3.126, 9.649], [8.992, 6.651, 7.993, 5.649, 21.096, 8.361, 17.207, 13.324, 13.676, 10.184, 7.577, 3.849, 5.69, 21.008, 11.252, 14.238, 12.255, 9.409, 3.694, 0.0, 8.465], [2.3, 6.999, 1.903, 11.605, 19.265, 1.522, 9.942, 12.839, 6.705, 3.083, 1.048, 7.236, 3.18, 19.845, 3.639, 6.642, 5.974, 5.502, 9.449, 8.16, 0.0]],