{"SER_NUM": 15, "VEH_NUM": 5, "c_1": 7, "c_2": 0.08, "c_3": 550, "c_4": 1.2, "phi_0": 0.0002, "yita": 0.0004, "omega": 60, "Q": 5400, "Q_h": 45, "M": 444444, "N_s": ["6", "7", "8", "9", "10", "11", "12", "13", "14", "15", "16", "17", "18", "19", "20"], "N": ["0", "6", "7", "8", "9", "10", "11", "12", "13", "14", "15", "16", "17", "18", "19", "20"], "K": ["1", "2", "3", "4", "5"], "ser_node": [2, 3, 9, 12, 19, 31, 32, 33, 35, 43, 50, 51, 56, 58, 59, 61, 64, 65, 67, 70], "ser_class": ["HS", "HS", "HS", "HS", "HS", "GS", "GS", "GS", "GS", "GS", "CS", "CS", "CS", "CS", "CS", "CS", "CS", "CS", "CS", "CS"], "d_h_i": {"6": 0, "7": 0, "8": 0, "9": 0, "10": 0, "11": 0, "12": 0, "13": 0, "14": 0, "15": 0, "16": 0, "17": 0, "18": 0, "19": 0, "20": 0}, "p_h_i": {"6": 0, "7": 0, "8": 0, "9": 0, "10": 0, "11": 0, "12": 0, "13": 0, "14": 0, "15": 0, "16": 0, "17": 0, "18": 0, "19": 0, "20": 0}, "d_g_i": {"6": 213.0, "7": 215.0, "8": 277.0, "9": 218.0, "10": 286.0, "11": 233.0, "12": 145.0, "13": 186.0, "14": 194.0, "15": 155.0, "16": 198.0, "17": 226.0, "18": 327.0, "19": 268.0, "20": 216.0}, "p_g_i": {"6": 174.0, "7": 243.0, "8": 339.0, "9": 250.0, "10": 226.0, "11": 281.0, "12": 201.0, "13": 176.0, "14": 296.0, "15": 204.0, "16": 262.0, "17": 219.0, "18": 272.0, "19": 214.0, "20": 207.0}, "D_h": 0, "P_h": 0, "D_g": 3357.0, "P_g": 3564.0, "s_i": {"0": 0, "6": 13, "7": 6, "8": 3, "9": 1, "10": 1, "11": 1, "12": 6, "13": 19, "14": 5, "15": 0, "16": 0, "17": 9, "18": 10, "19": 5, "20": 16}, "a_i": {"6": 84.56070000000001, "7": 0, "8": 84.56070000000001, "9": 0, "10": 0, "11": 84.56070000000001, "12": 84.56070000000001, "13": 0, "14": 0, "15": 0, "16": 84.56070000000001, "17": 84.56070000000001, "18": 84.56070000000001, "19": 0, "20": 0}, "b_i": {"6": 845.6070000000001, "7": 761.0463000000001, "8": 845.6070000000001, "9": 761.0463000000001, "10": 761.0463000000001, "11": 845.6070000000001, "12": 845.6070000000001, "13": 761.0463000000001, "14": 761.0463000000001, "15": 761.0463000000001, "16": 845.6070000000001, "17": 845.6070000000001, "18": 845.6070000000001, "19": 761.0463000000001, "20": 761.0463000000001}, "delta_ij": [[0.0, 3.657, 1.456, 8.404, 21.917, 21.209, 1.351, 1.756, 1.013, 2.612, 0.946, 6.487, 5.88, 19.045, 3.675, 4.471, 4.813, 2.543, 11.134, 6.703, 18.529], [3.603, 0.0, 5.207, 9.198, 22.413, 22.37, 4.169, 2.167, 5.253, 4.149, 4.984, 7.909, 6.991, 20.206, 5.02, 6.264, 7.631, 5.711, 11.928, 9.124, 22.899], [1.831, 5.566, 0.0, 7.119, 21.683, 21.025, 2.709, 3.167, 1.664, 2.987, 2.623, 6.767, 4.524, 17.544, 3.449, 3.16, 6.387, 1.097, 9.983, 4.965, 17.36], [7.564, 9.203, 7.777, 0.0, 14.083, 14.786, 9.161, 9.533, 7.907, 5.783, 9.619, 6.867, 4.178, 13.304, 5.444, 3.963, 13.178, 6.245, 4.849, 4.479, 17.419], [20.679, 22.318, 22.592, 13.983, 0.0, 1.836, 23.516, 22.648, 22.662, 18.898, 23.43, 19.982, 17.051, 4.099, 18.559, 17.078, 26.989, 21.984, 18.465, 18.439, 7.226], [20.374, 23.123, 20.153, 14.788, 0.806, 0.0, 22.073, 23.461, 21.219, 19.703, 21.987, 20.787, 15.698, 2.399, 19.364, 17.866, 25.546, 19.034, 19.27, 16.996, 5.538], [1.349, 4.191, 2.44, 9.159, 22.79, 22.132, 0.0, 2.024, 1.404, 3.367, 0.571, 7.677, 6.604, 19.703, 4.981, 5.325, 3.524, 3.389, 11.889, 6.277, 18.467], [1.756, 2.167, 2.792, 11.364, 24.117, 23.459, 1.965, 0.0, 2.349, 3.747, 1.695, 8.241, 6.986, 20.201, 7.186, 5.577, 5.427, 4.788, 14.094, 7.604, 19.794], [1.013, 4.516, 1.282, 8.652, 21.938, 21.28, 1.412, 2.349, 0.0, 2.909, 0.832, 6.689, 5.576, 18.795, 3.371, 4.167, 5.359, 2.369, 10.874, 5.425, 17.615], [2.367, 4.084, 2.664, 5.821, 19.036, 19.802, 3.321, 3.693, 2.958, 0.0, 3.232, 4.366, 4.338, 17.638, 1.059, 1.961, 7.613, 3.2, 8.551, 6.556, 19.802], [0.946, 4.107, 1.88, 8.756, 22.706, 22.048, 0.573, 1.695, 0.832, 2.964, 0.0, 7.274, 6.52, 19.563, 3.969, 4.765, 4.035, 2.967, 11.486, 6.193, 18.383], [6.115, 7.726, 6.412, 6.853, 20.068, 20.771, 7.684, 8.056, 6.458, 4.334, 7.279, 0.0, 8.171, 20.378, 4.649, 5.872, 11.361, 7.111, 5.219, 9.326, 22.542], [5.022, 7.014, 4.796, 4.045, 16.383, 15.725, 6.635, 8.023, 5.781, 4.295, 6.549, 7.68, 0.0, 13.561, 4.096, 2.871, 10.108, 3.681, 7.499, 2.488, 15.725], [18.267, 20.259, 18.046, 13.376, 2.996, 2.338, 19.761, 21.149, 18.907, 17.656, 19.675, 19.375, 13.591, 0.0, 17.341, 16.348, 23.234, 16.834, 17.858, 13.779, 3.935], [2.804, 5.157, 3.101, 5.26, 18.475, 19.057, 4.074, 5.487, 3.147, 1.034, 3.669, 4.803, 3.678, 16.893, 0.0, 1.301, 8.05, 2.54, 8.124, 5.811, 18.86], [3.689, 6.042, 3.412, 3.96, 17.175, 17.878, 5.438, 5.558, 4.07, 1.919, 4.443, 5.889, 2.826, 16.28, 1.72, 0.0, 8.868, 2.283, 7.867, 5.198, 18.202], [4.818, 7.704, 5.942, 13.185, 26.27, 25.291, 3.531, 5.493, 5.364, 7.569, 4.04, 11.349, 10.084, 23.127, 8.031, 8.827, 0.0, 6.941, 15.534, 9.757, 21.947], [2.542, 5.702, 1.321, 6.683, 19.567, 18.909, 3.347, 3.878, 1.948, 3.123, 2.973, 6.903, 3.634, 16.745, 2.946, 2.27, 6.82, 0.0, 9.093, 4.178, 16.937], [10.176, 11.815, 10.137, 4.848, 18.59, 19.293, 11.773, 12.145, 10.519, 8.395, 11.368, 5.08, 7.549, 17.811, 8.193, 7.337, 15.422, 8.977, 0.0, 9.088, 21.948], [6.39, 9.171, 5.36, 4.527, 16.123, 15.465, 6.33, 7.718, 5.476, 6.544, 6.244, 9.388, 2.503, 13.301, 6.253, 5.26, 9.803, 4.229, 9.207, 0.0, 12.999], [18.643, 22.9, 17.5, 17.286, 5.779, 5.121, 18.47, 19.858, 17.616, 19.594, 18.384, 22.552, 15.529, 4.001, 19.447, 18.454, 21.943, 16.938, 21.927, 13.393, 0.0]],