{"SER_NUM": 8, "VEH_NUM": 3, "c_1": 7, "c_2": 0.08, "c_3": 550, "c_4": 1.2, "phi_0": 0.0002, "yita": 0.0004, "omega": 60, "Q": 5400, "Q_h": 45, "M": 444444, "N_s": ["1", "2", "3", "4", "5", "6", "7", "8"], "N": ["0", "1", "2", "3", "4", "5", "6", "7", "8"], "K": ["1", "2", "3"], "ser_node": [4, 17, 33, 46, 61, 62, 67, 72], "ser_class": ["HS", "HS", "GS", "GS", "CS", "CS", "CS", "CS"], "d_h_i": {"1": 3.0, "2": 4.0, "3": 0, "4": 0, "5": 4.0, "6": 3.0, "7": 4.0, "8": 3.0}, "p_h_i": {"1": 4.0, "2": 3.0, "3": 0, "4": 0, "5": 5.0, "6": 3.0, "7": 4.0, "8": 4.0}, "d_g_i": {"1": 0, "2": 0, "3": 222.0, "4": 259.0, "5": 250.0, "6": 263.0, "7": 273.0, "8": 204.0}, "p_g_i": {"1": 0, "2": 0, "3": 288.0, "4": 234.0, "5": 290.0, "6": 263.0, "7": 166.0, "8": 252.0}, "D_h": 21.0, "P_h": 23.0, "D_g": 1471.0, "P_g": 1493.0, "s_i": {"0": 0, "1": 2, "2": 4, "3": 3, "4": 9, "5": 13, "6": 20, "7": 15, "8": 1}, "a_i": {"1": 0, "2": 0, "3": 25.679700000000004, "4": 25.679700000000004, "5": 25.679700000000004, "6": 0, "7": 0, "8": 25.679700000000004}, "b_i": {"1": 231.11730000000003, "2": 231.11730000000003, "3": 256.797, "4": 256.797, "5": 256.797, "6": 231.11730000000003, "7": 231.11730000000003, "8": 256.797}, "delta_ij": [[0.0, 10.758, 2.219, 1.013, 3.204, 4.813, 4.135, 6.703, 5.719], [10.352, 0.0, 11.218, 11.205, 8.786, 18.472, 13.181, 6.833, 5.099], [2.282, 13.17, 0.0, 3.308, 6.929, 9.055, 2.148, 10.463, 6.25], [1.013, 10.498, 3.218, 0.0, 2.693, 5.359, 4.217, 5.425, 5.415], [2.383, 8.434, 4.349, 1.992, 0.0, 6.864, 6.196, 4.055, 3.369], [4.818, 15.539, 6.39, 5.364, 7.281, 0.0, 6.91, 9.757, 10.075], [3.266, 13.176, 2.148, 3.859, 6.608, 6.209, 0.0, 9.084, 9.136], [6.39, 8.377, 8.49, 5.476, 4.039, 9.803, 9.135, 0.0, 4.216], [4.824, 5.268, 6.135, 5.316, 3.313, 10.114, 9.15, 4.152, 0.0]], "t_ij": [[0.0, 26.95, 7.683, 4.1, 9.583, 10.583, 9.417, 15.567, 13.617], [25.95, 0.0, 26.0, 25.4, 20.333, 28.4, 28.067, 16.233, 13.833], [8.533, 28.533, 0.0, 13.033, 17.433, 17.067, 4.733, 23.067, 17.617], [3.5, 26.317, 10.383, 0.0, 8.55, 8.667, 9.05, 11.5, 12.483], [9.133, 20.833, 12.983, 7.417, 0.0, 11.517, 12.783, 9.683, 9.833], [10.65, 26.25, 13.8, 8.4, 12.45, 0.0, 13.117, 15.233, 17.183], [7.917, 25.1, 4.817, 10.233, 14.633, 12.733, 0.0, 17.467, 16.967], [14.5, 14.4, 20.217, 11.8, 10.017, 16.05, 16.767, 0.0, 9.317], [12.8, 12.833, 15.8, 14.133, 8.033, 18.15, 16.85, 8.583, 0.0]]}