{"SER_NUM": 8, "VEH_NUM": 3, "c_1": 7, "c_2": 0.08, "c_3": 550, "c_4": 1.2, "phi_0": 0.0002, "yita": 0.0004, "omega": 60, "Q": 5400, "Q_h": 45, "M": 444444, "N_s": ["1", "2", "3", "4", "5", "6", "7", "8"], "N": ["0", "1", "2", "3", "4", "5", "6", "7", "8"], "K": ["1", "2", "3"], "ser_node": [9, 18, 37, 45, 53, 58, 63, 70], "ser_class": ["HS", "HS", "GS", "GS", "CS", "CS", "CS", "CS"], "d_h_i": {"1": 5.0, "2": 4.0, "3": 0, "4": 0, "5": 3.0, "6": 3.0, "7": 6.0, "8": 4.0}, "p_h_i": {"1": 3.0, "2": 4.0, "3": 0, "4": 0, "5": 5.0, "6": 4.0, "7": 2.0, "8": 3.0}, "d_g_i": {"1": 0, "2": 0, "3": 197.0, "4": 218.0, "5": 204.0, "6": 322.0, "7": 191.0, "8": 237.0}, "p_g_i": {"1": 0, "2": 0, "3": 184.0, "4": 211.0, "5": 278.0, "6": 161.0, "7": 227.0, "8": 191.0}, "D_h": 25.0, "P_h": 21.0, "D_g": 1369.0, "P_g": 1252.0, "s_i": {"0": 0, "1": 3, "2": 1, "3": 14, "4": 5, "5": 1, "6": 12, "7": 1, "8": 4}, "a_i": {"1": 30.7053, "2": 0, "3": 0, "4": 0, "5": 0, "6": 30.7053, "7": 30.7053, "8": 30.7053}, "b_i": {"1": 307.053, "2": 276.34770000000003, "3": 276.34770000000003, "4": 276.34770000000003, "5": 276.34770000000003, "6": 307.053, "7": 307.053, "8": 307.053}, "delta_ij": [[0.0, 8.404, 13.461, 8.713, 7.865, 4.865, 3.675, 7.459, 18.529], [7.564, 0.0, 4.165, 7.344, 15.813, 3.937, 5.444, 4.878, 17.419], [12.867, 4.16, 0.0, 9.203, 20.933, 8.158, 9.665, 6.737, 19.278], [9.226, 7.35, 8.947, 0.0, 15.069, 9.16, 9.325, 4.121, 10.139], [7.584, 15.684, 20.564, 14.943, 0.0, 11.819, 11.506, 14.451, 24.88], [3.947, 4.365, 8.336, 9.903, 11.924, 0.0, 1.827, 5.44, 19.24], [2.804, 5.26, 9.231, 8.923, 11.495, 1.855, 0.0, 5.257, 18.86], [6.651, 4.976, 6.573, 4.187, 14.652, 5.59, 5.725, 0.0, 14.321], [18.643, 17.286, 18.883, 10.137, 25.005, 19.312, 19.447, 14.243, 0.0]], "t_ij": [[0.0, 22.1, 25.233, 19.267, 13.85, 13.3, 11.4, 16.467, 31.383], [21.15, 0.0, 7.683, 12.383, 29.717, 11.0, 14.5, 8.383, 23.4], [24.083, 8.45, 0.0, 14.2, 32.067, 16.483, 19.917, 10.133, 24.933], [17.517, 12.017, 13.35, 0.0, 24.083, 17.15, 19.95, 9.033, 14.6], [12.567, 27.35, 30.933, 22.9, 0.0, 20.467, 19.0, 24.517, 34.117], [11.65, 12.183, 16.867, 17.433, 20.15, 0.0, 7.25, 13.3, 28.8], [8.633, 12.483, 17.083, 17.0, 19.883, 7.35, 0.0, 11.7, 28.183], [15.033, 9.583, 10.967, 8.633, 24.533, 10.667, 13.467, 0.0, 19.433], [27.317, 22.517, 23.583, 13.9, 33.967, 26.6, 28.817, 18.617, 0.0]]}