{"SER_NUM": 6, "VEH_NUM": 3, "c_1": 7, "c_2": 0.08, "c_3": 550, "c_4": 1.2, "phi_0": 0.0002, "yita": 0.0004, "omega": 60, "Q": 5400, "Q_h": 45, "M": 444444, "N_s": ["1", "2", "5", "6", "7", "8"], "N": ["0", "1", "2", "5", "6", "7", "8"], "K": ["1", "2", "3"], "ser_node": [8, 17, 34, 42, 57, 65, 66, 71], "ser_class": ["HS", "HS", "GS", "GS", "CS", "CS", "CS", "CS"], "d_h_i": {"1": 2.0, "2": 4.0, "5": 2.0, "6": 4.0, "7": 4.0, "8": 4.0}, "p_h_i": {"1": 5.0, "2": 4.0, "5": 3.0, "6": 4.0, "7": 4.0, "8": 4.0}, "d_g_i": {"1": 0, "2": 0, "5": 0, "6": 0, "7": 0, "8": 0}, "p_g_i": {"1": 0, "2": 0, "5": 0, "6": 0, "7": 0, "8": 0}, "D_h": 20.0, "P_h": 24.0, "D_g": 0, "P_g": 0, "s_i": {"0": 0, "1": 1, "2": 2, "5": 10, "6": 20, "7": 3, "8": 3}, "a_i": {"1": 0, "2": 67.365, "5": 67.365, "6": 67.365, "7": 0, "8": 0}, "b_i": {"1": 157.18499999999997, "2": 224.54999999999998, "5": 224.54999999999998, "6": 224.54999999999998, "7": 157.18499999999997, "8": 157.18499999999997}, "delta_ij": [[0.0, 3.845, 2.219, 3.668, 3.377, 1.8, 11.134, 3.869, 2.939], [3.839, 0.0, 4.05, 3.825, 5.944, 2.345, 13.85, 7.306, 5.263], [2.282, 2.438, 0.0, 2.659, 5.196, 4.791, 13.546, 4.375, 7.709], [2.401, 3.51, 1.205, 0.0, 4.468, 2.165, 10.45, 3.882, 5.083], [2.518, 6.265, 4.751, 5.525, 0.0, 4.345, 8.905, 2.264, 1.31], [1.55, 2.399, 2.169, 3.516, 3.655, 0.0, 12.542, 4.943, 2.974], [10.176, 13.729, 11.476, 10.271, 8.947, 12.573, 0.0, 7.92, 9.649], [2.981, 7.248, 3.745, 3.79, 2.435, 4.656, 8.049, 0.0, 3.137], [2.3, 5.684, 5.454, 6.046, 0.682, 3.639, 9.449, 2.808, 0.0]], "t_ij": [[0.0, 8.85, 7.683, 9.45, 10.217, 7.2, 23.117, 11.467, 9.583], [10.033, 0.0, 8.917, 8.417, 14.933, 6.983, 24.9, 15.25, 12.45], [8.533, 6.883, 0.0, 8.05, 16.483, 9.783, 24.95, 14.5, 16.2], [7.1, 7.367, 3.183, 0.0, 13.333, 7.25, 19.467, 9.1, 13.017], [8.3, 14.067, 14.117, 13.55, 0.0, 11.35, 18.767, 8.233, 4.917], [4.65, 4.967, 7.133, 8.3, 9.3, 0.0, 23.567, 13.5, 7.283], [19.583, 22.75, 20.25, 17.183, 17.95, 22.233, 0.0, 15.417, 19.067], [9.233, 14.833, 12.6, 9.0, 7.683, 14.05, 15.233, 0.0, 8.8], [7.983, 11.033, 12.367, 14.05, 2.083, 8.7, 19.8, 9.733, 0.0]]}