{"SER_NUM": 8, "VEH_NUM": 3, "c_1": 7, "c_2": 0.08, "c_3": 550, "c_4": 1.2, "phi_0": 0.0002, "yita": 0.0004, "omega": 60, "Q": 5400, "Q_h": 45, "M": 444444, "N_s": ["1", "2", "3", "4", "5", "6", "7", "8"], "N": ["0", "1", "2", "3", "4", "5", "6", "7", "8"], "K": ["1", "2", "3"], "ser_node": [13, 18, 33, 38, 49, 50, 63, 70], "ser_class": ["HS", "HS", "GS", "GS", "CS", "CS", "CS", "CS"], "d_h_i": {"1": 4.0, "2": 4.0, "3": 0, "4": 0, "5": 4.0, "6": 4.0, "7": 3.0, "8": 4.0}, "p_h_i": {"1": 3.0, "2": 4.0, "3": 0, "4": 0, "5": 4.0, "6": 4.0, "7": 4.0, "8": 3.0}, "d_g_i": {"1": 0, "2": 0, "3": 195.0, "4": 200.0, "5": 262.0, "6": 220.0, "7": 255.0, "8": 166.0}, "p_g_i": {"1": 0, "2": 0, "3": 216.0, "4": 196.0, "5": 131.0, "6": 273.0, "7": 243.0, "8": 229.0}, "D_h": 23.0, "P_h": 22.0, "D_g": 1298.0, "P_g": 1288.0, "s_i": {"0": 0, "1": 5, "2": 0, "3": 13, "4": 11, "5": 14, "6": 17, "7": 19, "8": 2}, "a_i": {"1": 0, "2": 0, "3": 0, "4": 0, "5": 214.3071, "6": 214.3071, "7": 214.3071, "8": 214.3071}, "b_i": {"1": 91.84590000000001, "2": 91.84590000000001, "3": 91.84590000000001, "4": 91.84590000000001, "5": 306.153, "6": 306.153, "7": 306.153, "8": 306.153}, "delta_ij": [[0.0, 9.869, 13.461, 1.013, 0.97, 9.348, 6.487, 7.459, 18.529], [9.283, 0.0, 3.854, 11.204, 11.27, 12.516, 5.615, 9.415, 21.956], [12.867, 3.489, 0.0, 13.544, 13.61, 9.838, 7.173, 6.737, 19.278], [1.013, 9.609, 13.207, 0.0, 0.541, 8.313, 6.689, 7.155, 17.615], [0.971, 9.982, 13.366, 0.542, 0.0, 8.38, 7.062, 7.253, 17.682], [9.342, 11.485, 9.582, 8.315, 8.381, 0.0, 13.021, 4.774, 10.774], [6.115, 5.357, 7.599, 6.458, 7.079, 13.043, 0.0, 8.742, 22.542], [6.651, 7.294, 6.573, 7.263, 7.329, 4.822, 8.83, 0.0, 14.321], [18.643, 21.016, 18.883, 17.616, 17.682, 10.772, 22.552, 14.243, 0.0]], "t_ij": [[0.0, 22.7, 25.233, 4.1, 3.683, 20.883, 15.917, 16.467, 31.383], [24.883, 0.0, 9.55, 25.1, 24.617, 20.667, 11.683, 15.4, 30.467], [24.083, 10.45, 0.0, 22.633, 22.15, 15.833, 15.35, 10.133, 24.933], [3.5, 22.4, 22.283, 0.0, 2.3, 16.25, 15.917, 15.033, 25.883], [3.367, 22.217, 21.667, 2.25, 0.0, 15.667, 16.917, 16.017, 25.25], [18.783, 20.483, 15.833, 16.1, 15.717, 0.0, 23.367, 11.9, 15.583], [13.65, 10.267, 14.717, 15.567, 16.083, 24.85, 0.0, 17.85, 34.017], [15.033, 14.067, 10.967, 15.083, 14.883, 9.95, 16.867, 0.0, 19.433], [27.317, 27.7, 23.583, 24.817, 24.45, 15.167, 30.583, 18.617, 0.0]]}