{"SER_NUM": 8, "VEH_NUM": 3, "c_1": 7, "c_2": 0.08, "c_3": 550, "c_4": 1.2, "phi_0": 0.0002, "yita": 0.0004, "omega": 60, "Q": 5400, "Q_h": 45, "M": 444444, "N_s": ["1", "2", "3", "4", "5", "6", "7", "8"], "N": ["0", "1", "2", "3", "4", "5", "6", "7", "8"], "K": ["1", "2", "3"], "ser_node": [5, 7, 39, 41, 54, 57, 66, 68], "ser_class": ["HS", "HS", "GS", "GS", "CS", "CS", "CS", "CS"], "d_h_i": {"1": 4.0, "2": 4.0, "3": 0, "4": 0, "5": 4.0, "6": 4.0, "7": 3.0, "8": 5.0}, "p_h_i": {"1": 4.0, "2": 3.0, "3": 0, "4": 0, "5": 3.0, "6": 3.0, "7": 4.0, "8": 4.0}, "d_g_i": {"1": 0, "2": 0, "3": 210.0, "4": 235.0, "5": 179.0, "6": 367.0, "7": 281.0, "8": 232.0}, "p_g_i": {"1": 0, "2": 0, "3": 248.0, "4": 243.0, "5": 210.0, "6": 256.0, "7": 131.0, "8": 224.0}, "D_h": 24.0, "P_h": 21.0, "D_g": 1504.0, "P_g": 1312.0, "s_i": {"0": 0, "1": 1, "2": 5, "3": 9, "4": 8, "5": 15, "6": 7, "7": 7, "8": 2}, "a_i": {"1": 198.00180000000003, "2": 198.00180000000003, "3": 0, "4": 198.00180000000003, "5": 198.00180000000003, "6": 0, "7": 0, "8": 0}, "b_i": {"1": 330.00300000000004, "2": 330.00300000000004, "3": 132.0012, "4": 330.00300000000004, "5": 330.00300000000004, "6": 132.0012, "7": 132.0012, "8": 132.0012}, "delta_ij": [[0.0, 3.053, 9.753, 4.176, 1.194, 21.839, 1.8, 3.869, 19.447], [3.056, 0.0, 12.098, 5.717, 4.142, 24.438, 1.562, 6.169, 21.94], [8.908, 12.142, 0.0, 8.091, 7.714, 20.174, 12.153, 6.627, 19.253], [4.824, 6.487, 7.698, 0.0, 5.153, 18.722, 5.234, 4.927, 16.224], [1.194, 4.127, 8.603, 4.446, 0.0, 20.645, 2.913, 2.675, 18.479], [20.756, 24.447, 18.407, 19.132, 19.562, 0.0, 23.194, 18.363, 2.564], [1.55, 1.607, 10.709, 4.211, 2.666, 22.932, 0.0, 4.943, 20.434], [2.981, 6.929, 6.642, 4.574, 1.752, 19.015, 4.656, 0.0, 17.396], [18.792, 21.909, 18.193, 16.594, 17.598, 2.488, 20.656, 17.372, 0.0]], "t_ij": [[0.0, 8.25, 23.167, 11.083, 2.95, 36.133, 7.2, 11.467, 32.95], [8.267, 0.0, 25.7, 12.467, 10.95, 36.667, 3.55, 15.65, 34.3], [22.0, 25.633, 0.0, 17.133, 19.167, 31.583, 26.367, 17.383, 31.2], [12.183, 13.833, 16.7, 0.0, 13.417, 25.05, 11.867, 12.367, 22.517], [2.967, 10.6, 19.5, 9.483, 0.0, 31.467, 8.9, 8.317, 28.417], [33.5, 35.417, 27.667, 26.383, 30.867, 0.0, 34.233, 28.433, 4.883], [4.65, 4.267, 23.233, 8.567, 7.6, 32.0, 0.0, 13.5, 29.65], [9.233, 15.183, 14.9, 10.75, 7.283, 29.233, 14.05, 0.0, 25.617], [28.417, 31.567, 27.067, 22.567, 25.783, 4.583, 29.983, 26.467, 0.0]]}