{"SER_NUM": 8, "VEH_NUM": 3, "c_1": 7, "c_2": 0.08, "c_3": 550, "c_4": 1.2, "phi_0": 0.0002, "yita": 0.0004, "omega": 60, "Q": 5400, "Q_h": 45, "M": 444444, "N_s": ["1", "2", "3", "4", "5", "6", "7", "8"], "N": ["0", "1", "2", "3", "4", "5", "6", "7", "8"], "K": ["1", "2", "3"], "ser_node": [49, 52, 54, 62, 67, 69, 71, 72], "ser_class": ["CS", "CS", "CS", "CS", "CS", "CS", "CS", "CS"], "d_h_i": {"1": 3.0, "2": 4.0, "3": 3.0, "4": 3.0, "5": 3.0, "6": 4.0, "7": 4.0, "8": 5.0}, "p_h_i": {"1": 5.0, "2": 3.0, "3": 4.0, "4": 3.0, "5": 4.0, "6": 5.0, "7": 3.0, "8": 4.0}, "d_g_i": {"1": 185.0, "2": 200.0, "3": 207.0, "4": 166.0, "5": 311.0, "6": 181.0, "7": 268.0, "8": 215.0}, "p_g_i": {"1": 273.0, "2": 231.0, "3": 234.0, "4": 157.0, "5": 243.0, "6": 299.0, "7": 253.0, "8": 180.0}, "D_h": 29.0, "P_h": 31.0, "D_g": 1733.0, "P_g": 1870.0, "s_i": {"0": 0, "1": 20, "2": 5, "3": 20, "4": 11, "5": 19, "6": 15, "7": 2, "8": 8}, "a_i": {"1": 33.585300000000004, "2": 0, "3": 0, "4": 33.585300000000004, "5": 0, "6": 33.585300000000004, "7": 33.585300000000004, "8": 0}, "b_i": {"1": 335.853, "2": 302.2677, "3": 302.2677, "4": 335.853, "5": 302.2677, "6": 335.853, "7": 335.853, "8": 302.2677}, "delta_ij": [[0.0, 9.348, 2.241, 21.839, 4.135, 6.703, 9.845, 2.939, 5.719], [9.342, 0.0, 7.184, 15.019, 11.974, 4.092, 13.694, 6.93, 7.849], [2.231, 7.271, 0.0, 19.618, 5.905, 4.159, 8.091, 0.66, 3.805], [20.756, 14.802, 19.908, 0.0, 24.019, 16.537, 20.732, 20.485, 16.094], [3.266, 11.972, 5.815, 24.295, 0.0, 9.084, 12.263, 5.561, 9.136], [6.39, 3.697, 4.345, 16.045, 9.135, 0.0, 10.061, 4.091, 4.216], [8.992, 14.311, 8.069, 21.008, 12.255, 9.993, 0.0, 8.465, 7.198], [2.3, 7.34, 0.255, 19.845, 5.974, 4.452, 8.16, 0.0, 3.874], [4.824, 7.899, 3.805, 16.744, 9.15, 4.152, 7.824, 4.201, 0.0]], "t_ij": [[0.0, 20.883, 9.85, 36.133, 9.417, 15.567, 19.467, 9.583, 13.617], [18.783, 0.0, 13.0, 21.183, 21.283, 8.017, 22.95, 12.067, 14.833], [7.85, 13.8, 0.0, 28.133, 13.167, 9.1, 16.367, 2.883, 10.667], [33.5, 22.1, 31.133, 0.0, 36.017, 24.183, 29.267, 28.267, 23.767], [7.917, 21.517, 12.9, 37.317, 0.0, 17.467, 19.417, 11.9, 16.967], [14.5, 7.45, 8.983, 21.75, 16.767, 0.0, 16.767, 8.15, 9.317], [16.5, 22.317, 16.083, 29.833, 19.15, 18.933, 0.0, 16.283, 13.35], [7.983, 13.617, 1.15, 28.933, 11.533, 9.183, 16.383, 0.0, 10.167], [12.8, 14.5, 10.25, 25.15, 16.85, 8.583, 12.767, 10.483, 0.0]]}