{"SER_NUM": 8, "VEH_NUM": 3, "c_1": 7, "c_2": 0.08, "c_3": 550, "c_4": 1.2, "phi_0": 0.0002, "yita": 0.0004, "omega": 60, "Q": 5400, "Q_h": 45, "M": 444444, "N_s": ["1", "2", "3", "4", "5", "6", "7", "8"], "N": ["0", "1", "2", "3", "4", "5", "6", "7", "8"], "K": ["1", "2", "3"], "ser_node": [49, 50, 55, 57, 59, 64, 65, 70], "ser_class": ["CS", "CS", "CS", "CS", "CS", "CS", "CS", "CS"], "d_h_i": {"1": 4.0, "2": 4.0, "3": 4.0, "4": 3.0, "5": 4.0, "6": 3.0, "7": 5.0, "8": 2.0}, "p_h_i": {"1": 4.0, "2": 3.0, "3": 5.0, "4": 4.0, "5": 3.0, "6": 4.0, "7": 5.0, "8": 5.0}, "d_g_i": {"1": 207.0, "2": 171.0, "3": 228.0, "4": 107.0, "5": 281.0, "6": 221.0, "7": 221.0, "8": 236.0}, "p_g_i": {"1": 214.0, "2": 263.0, "3": 268.0, "4": 205.0, "5": 283.0, "6": 248.0, "7": 227.0, "8": 214.0}, "D_h": 29.0, "P_h": 33.0, "D_g": 1672.0, "P_g": 1922.0, "s_i": {"0": 0, "1": 13, "2": 7, "3": 15, "4": 6, "5": 5, "6": 12, "7": 13, "8": 1}, "a_i": {"1": 30.615300000000005, "2": 0, "3": 0, "4": 0, "5": 0, "6": 30.615300000000005, "7": 30.615300000000005, "8": 30.615300000000005}, "b_i": {"1": 306.153, "2": 275.53770000000003, "3": 275.53770000000003, "4": 275.53770000000003, "5": 275.53770000000003, "6": 306.153, "7": 306.153, "8": 306.153}, "delta_ij": [[0.0, 9.348, 6.487, 13.733, 1.8, 4.471, 2.543, 11.134, 18.529], [9.342, 0.0, 13.021, 5.857, 9.639, 8.893, 7.637, 12.512, 10.774], [6.115, 13.043, 0.0, 16.303, 8.347, 5.872, 7.111, 5.219, 22.542], [13.731, 5.86, 16.322, 0.0, 14.028, 12.224, 12.026, 15.899, 6.107], [1.55, 9.385, 7.878, 13.77, 0.0, 5.545, 3.609, 12.542, 18.687], [3.689, 8.9, 5.889, 12.205, 5.908, 0.0, 2.283, 7.867, 18.202], [2.542, 7.635, 6.903, 12.02, 3.817, 2.27, 0.0, 9.093, 16.937], [10.176, 12.508, 5.08, 15.918, 12.573, 7.337, 8.977, 0.0, 21.948], [18.643, 10.772, 22.552, 6.102, 18.94, 18.454, 16.938, 21.927, 0.0]], "t_ij": [[0.0, 20.883, 15.917, 24.35, 7.2, 11.367, 10.733, 23.117, 31.383], [18.783, 0.0, 23.367, 9.05, 18.683, 15.783, 14.517, 22.15, 15.583], [13.65, 24.85, 0.0, 26.333, 15.317, 11.983, 15.417, 9.517, 34.017], [22.117, 9.317, 25.433, 0.0, 21.583, 17.6, 18.133, 22.283, 10.383], [4.65, 16.567, 17.367, 20.133, 0.0, 13.583, 9.583, 23.567, 25.75], [10.333, 15.967, 10.9, 18.217, 14.367, 0.0, 7.3, 14.017, 25.367], [7.883, 14.25, 16.55, 17.967, 9.2, 8.183, 0.0, 18.667, 23.767], [19.583, 19.733, 9.15, 21.4, 22.233, 13.883, 17.767, 0.0, 28.1], [27.317, 15.167, 30.583, 10.233, 26.967, 24.283, 23.633, 28.917, 0.0]]}