{"SER_NUM": 8, "VEH_NUM": 3, "c_1": 7, "c_2": 0.08, "c_3": 550, "c_4": 1.2, "phi_0": 0.0002, "yita": 0.0004, "omega": 60, "Q": 5400, "Q_h": 45, "M": 444444, "N_s": ["1", "2", "3", "4", "5", "6", "7", "8"], "N": ["0", "1", "2", "3", "4", "5", "6", "7", "8"], "K": ["1", "2", "3"], "ser_node": [54, 62, 63, 64, 68, 69, 70, 71], "ser_class": ["CS", "CS", "CS", "CS", "CS", "CS", "CS", "CS"], "d_h_i": {"1": 4.0, "2": 3.0, "3": 4.0, "4": 2.0, "5": 3.0, "6": 4.0, "7": 4.0, "8": 3.0}, "p_h_i": {"1": 3.0, "2": 5.0, "3": 3.0, "4": 4.0, "5": 4.0, "6": 3.0, "7": 4.0, "8": 3.0}, "d_g_i": {"1": 213.0, "2": 202.0, "3": 195.0, "4": 197.0, "5": 247.0, "6": 226.0, "7": 259.0, "8": 212.0}, "p_g_i": {"1": 255.0, "2": 160.0, "3": 270.0, "4": 209.0, "5": 286.0, "6": 253.0, "7": 165.0, "8": 263.0}, "D_h": 27.0, "P_h": 29.0, "D_g": 1751.0, "P_g": 1861.0, "s_i": {"0": 0, "1": 6, "2": 10, "3": 15, "4": 3, "5": 0, "6": 10, "7": 16, "8": 1}, "a_i": {"1": 33.585300000000004, "2": 0, "3": 0, "4": 0, "5": 33.585300000000004, "6": 33.585300000000004, "7": 0, "8": 33.585300000000004}, "b_i": {"1": 335.853, "2": 302.2677, "3": 302.2677, "4": 302.2677, "5": 335.853, "6": 335.853, "7": 302.2677, "8": 335.853}, "delta_ij": [[0.0, 21.839, 4.135, 7.459, 2.543, 19.447, 9.845, 18.529, 2.939], [20.756, 0.0, 24.019, 14.895, 19.685, 2.564, 20.732, 5.711, 20.485], [3.266, 24.295, 0.0, 9.915, 6.268, 22.129, 12.263, 21.274, 5.561], [6.651, 14.901, 9.988, 0.0, 5.281, 12.735, 9.503, 14.321, 5.878], [2.542, 19.489, 6.152, 5.186, 0.0, 17.323, 7.804, 16.937, 1.024], [18.792, 2.488, 22.991, 12.662, 17.452, 0.0, 21.644, 3.918, 17.947], [8.992, 21.008, 12.255, 9.409, 7.793, 20.929, 0.0, 23.751, 8.465], [18.643, 6.112, 21.275, 14.243, 16.938, 4.328, 23.225, 0.0, 16.231], [2.3, 19.845, 5.974, 5.502, 0.708, 17.679, 8.16, 16.642, 0.0]], "t_ij": [[0.0, 36.133, 9.417, 16.467, 10.733, 32.95, 19.467, 31.383, 9.583], [33.5, 0.0, 36.017, 21.0, 30.2, 4.883, 29.267, 11.083, 28.267], [7.917, 37.317, 0.0, 19.983, 14.133, 33.733, 19.417, 30.55, 11.9], [15.033, 21.133, 20.917, 0.0, 11.15, 17.783, 16.5, 19.433, 11.6], [7.883, 27.617, 12.367, 11.983, 0.0, 24.383, 16.533, 23.767, 3.05], [28.417, 4.583, 32.417, 16.95, 25.583, 0.0, 28.283, 9.183, 24.3], [16.5, 29.833, 19.15, 18.133, 15.017, 29.333, 0.0, 30.683, 16.283], [27.317, 11.0, 29.483, 18.617, 23.633, 9.283, 29.917, 0.0, 21.517], [7.983, 28.933, 11.533, 10.967, 2.5, 25.767, 16.383, 22.95, 0.0]]}