{"SER_NUM": 8, "VEH_NUM": 3, "c_1": 7, "c_2": 0.08, "c_3": 550, "c_4": 1.2, "phi_0": 0.0002, "yita": 0.0004, "omega": 60, "Q": 5400, "Q_h": 45, "M": 444444, "N_s": ["1", "2", "3", "4", "5", "6", "7", "8"], "N": ["0", "1", "2", "3", "4", "5", "6", "7", "8"], "K": ["1", "2", "3"], "ser_node": [51, 52, 53, 59, 61, 62, 63, 72], "ser_class": ["CS", "CS", "CS", "CS", "CS", "CS", "CS", "CS"], "d_h_i": {"1": 2.0, "2": 3.0, "3": 4.0, "4": 4.0, "5": 4.0, "6": 4.0, "7": 4.0, "8": 4.0}, "p_h_i": {"1": 3.0, "2": 3.0, "3": 4.0, "4": 4.0, "5": 3.0, "6": 4.0, "7": 4.0, "8": 4.0}, "d_g_i": {"1": 0, "2": 0, "3": 0, "4": 0, "5": 0, "6": 0, "7": 0, "8": 0}, "p_g_i": {"1": 0, "2": 0, "3": 0, "4": 0, "5": 0, "6": 0, "7": 0, "8": 0}, "D_h": 29.0, "P_h": 29.0, "D_g": 0, "P_g": 0, "s_i": {"0": 0, "1": 5, "2": 18, "3": 0, "4": 12, "5": 4, "6": 2, "7": 12, "8": 13}, "a_i": {"1": 0, "2": 0, "3": 18.825300000000002, "4": 0, "5": 18.825300000000002, "6": 0, "7": 18.825300000000002, "8": 18.825300000000002}, "b_i": {"1": 169.42770000000002, "2": 169.42770000000002, "3": 188.25300000000001, "4": 169.42770000000002, "5": 188.25300000000001, "6": 169.42770000000002, "7": 188.25300000000001, "8": 188.25300000000001}, "delta_ij": [[0.0, 5.88, 2.241, 4.865, 4.471, 4.813, 4.135, 7.459, 5.719], [5.022, 0.0, 3.957, 3.729, 2.871, 10.108, 8.359, 1.925, 2.059], [2.231, 3.659, 0.0, 3.111, 2.557, 6.573, 5.905, 5.238, 3.805], [3.947, 3.861, 2.999, 0.0, 1.484, 9.308, 7.21, 5.44, 3.014], [3.689, 2.826, 2.559, 1.598, 0.0, 8.868, 6.915, 4.644, 1.249], [4.818, 10.084, 6.488, 9.265, 8.827, 0.0, 6.91, 11.631, 10.075], [3.266, 8.336, 5.815, 7.283, 7.888, 6.209, 0.0, 9.915, 9.136], [6.651, 1.975, 5.557, 5.59, 4.732, 11.59, 9.988, 0.0, 3.688], [4.824, 1.78, 3.805, 1.973, 1.247, 10.114, 9.15, 3.598, 0.0]], "t_ij": [[0.0, 14.0, 9.85, 13.3, 11.367, 10.583, 9.417, 16.467, 13.617], [13.917, 0.0, 9.45, 8.133, 6.85, 16.617, 20.05, 4.467, 4.133], [7.85, 8.8, 0.0, 10.517, 8.35, 11.383, 13.167, 10.717, 10.667], [11.65, 10.9, 9.917, 0.0, 7.1, 18.117, 14.05, 13.3, 7.967], [10.333, 7.2, 7.983, 4.5, 0.0, 16.25, 16.767, 9.267, 2.2], [10.65, 16.833, 10.733, 17.083, 15.183, 0.0, 13.117, 19.317, 17.183], [7.917, 17.717, 12.9, 14.0, 14.867, 12.733, 0.0, 19.983, 16.967], [15.033, 4.2, 12.35, 10.667, 8.317, 19.567, 20.917, 0.0, 7.65], [12.8, 4.817, 10.25, 7.433, 2.25, 18.15, 16.85, 7.933, 0.0]]}