{"SER_NUM": 8, "VEH_NUM": 3, "c_1": 7, "c_2": 0.08, "c_3": 550, "c_4": 1.2, "phi_0": 0.0002, "yita": 0.0004, "omega": 60, "Q": 5400, "Q_h": 45, "M": 444444, "N_s": ["1", "2", "3", "4", "5", "6", "7", "8"], "N": ["0", "1", "2", "3", "4", "5", "6", "7", "8"], "K": ["1", "2", "3"], "ser_node": [55, 57, 58, 61, 62, 66, 71, 72], "ser_class": ["CS", "CS", "CS", "CS", "CS", "CS", "CS", "CS"], "d_h_i": {"1": 5.0, "2": 3.0, "3": 3.0, "4": 5.0, "5": 4.0, "6": 5.0, "7": 4.0, "8": 4.0}, "p_h_i": {"1": 5.0, "2": 4.0, "3": 5.0, "4": 5.0, "5": 4.0, "6": 5.0, "7": 4.0, "8": 5.0}, "d_g_i": {"1": 247.0, "2": 246.0, "3": 200.0, "4": 227.0, "5": 366.0, "6": 280.0, "7": 288.0, "8": 282.0}, "p_g_i": {"1": 217.0, "2": 235.0, "3": 363.0, "4": 169.0, "5": 257.0, "6": 262.0, "7": 199.0, "8": 134.0}, "D_h": 33.0, "P_h": 37.0, "D_g": 2136.0, "P_g": 1836.0, "s_i": {"0": 0, "1": 2, "2": 16, "3": 1, "4": 12, "5": 4, "6": 10, "7": 20, "8": 3}, "a_i": {"1": 22.335300000000004, "2": 22.335300000000004, "3": 0, "4": 0, "5": 0, "6": 22.335300000000004, "7": 0, "8": 22.335300000000004}, "b_i": {"1": 223.353, "2": 223.353, "3": 201.01770000000002, "4": 201.01770000000002, "5": 201.01770000000002, "6": 223.353, "7": 201.01770000000002, "8": 223.353}, "delta_ij": [[0.0, 13.733, 1.8, 3.675, 4.813, 4.135, 3.869, 2.939, 5.719], [13.731, 0.0, 14.028, 13.419, 17.031, 16.363, 12.723, 11.014, 11.18], [1.55, 13.77, 0.0, 4.749, 4.32, 2.689, 4.943, 2.974, 7.707], [2.804, 13.027, 5.778, 0.0, 8.05, 6.781, 0.593, 3.212, 2.549], [4.818, 17.03, 4.575, 8.031, 0.0, 6.91, 8.225, 6.234, 10.075], [3.266, 16.357, 2.643, 6.644, 6.209, 0.0, 7.008, 5.561, 9.136], [2.981, 12.743, 4.656, 1.012, 8.227, 6.958, 0.0, 3.137, 2.474], [2.3, 11.725, 3.639, 3.302, 6.642, 5.974, 2.808, 0.0, 3.874], [4.824, 11.159, 7.111, 2.966, 10.114, 9.15, 2.472, 4.201, 0.0]], "t_ij": [[0.0, 24.35, 7.2, 11.4, 10.583, 9.417, 11.467, 9.583, 13.617], [22.117, 0.0, 21.583, 22.633, 23.367, 24.1, 21.567, 16.45, 16.6], [4.65, 20.133, 0.0, 13.55, 8.767, 7.0, 13.5, 7.283, 15.317], [8.633, 20.783, 13.367, 0.0, 16.667, 13.667, 2.683, 9.433, 7.317], [10.65, 22.883, 10.083, 14.85, 0.0, 13.117, 14.9, 9.867, 17.183], [7.917, 24.817, 7.133, 13.083, 12.733, 0.0, 13.85, 11.9, 16.967], [9.233, 20.067, 14.05, 3.917, 16.683, 14.133, 0.0, 8.8, 6.983], [7.983, 17.25, 8.7, 10.867, 10.967, 11.533, 9.733, 0.0, 10.167], [12.8, 15.85, 16.217, 7.733, 18.15, 16.85, 7.35, 10.483, 0.0]]}