{"SER_NUM": 8, "VEH_NUM": 3, "c_1": 7, "c_2": 0.08, "c_3": 550, "c_4": 1.2, "phi_0": 0.0002, "yita": 0.0004, "omega": 60, "Q": 5400, "Q_h": 45, "M": 444444, "N_s": ["1", "2", "3", "4", "5", "6", "7", "8"], "N": ["0", "1", "2", "3", "4", "5", "6", "7", "8"], "K": ["1", "2", "3"], "ser_node": [51, 52, 55, 61, 66, 68, 69, 70], "ser_class": ["CS", "CS", "CS", "CS", "CS", "CS", "CS", "CS"], "d_h_i": {"1": 3.0, "2": 4.0, "3": 3.0, "4": 3.0, "5": 4.0, "6": 4.0, "7": 4.0, "8": 4.0}, "p_h_i": {"1": 4.0, "2": 4.0, "3": 4.0, "4": 5.0, "5": 3.0, "6": 3.0, "7": 4.0, "8": 3.0}, "d_g_i": {"1": 0, "2": 0, "3": 0, "4": 0, "5": 0, "6": 0, "7": 0, "8": 0}, "p_g_i": {"1": 0, "2": 0, "3": 0, "4": 0, "5": 0, "6": 0, "7": 0, "8": 0}, "D_h": 29.0, "P_h": 30.0, "D_g": 0, "P_g": 0, "s_i": {"0": 0, "1": 9, "2": 5, "3": 13, "4": 4, "5": 0, "6": 1, "7": 5, "8": 12}, "a_i": {"1": 29.655, "2": 0, "3": 29.655, "4": 0, "5": 29.655, "6": 0, "7": 0, "8": 29.655}, "b_i": {"1": 296.55, "2": 266.89500000000004, "3": 296.55, "4": 266.89500000000004, "5": 296.55, "6": 266.89500000000004, "7": 266.89500000000004, "8": 296.55}, "delta_ij": [[0.0, 5.88, 2.241, 13.733, 4.813, 3.869, 19.447, 9.845, 18.529], [5.022, 0.0, 3.957, 9.486, 10.108, 3.602, 14.139, 8.353, 15.725], [2.231, 3.659, 0.0, 11.656, 6.573, 2.739, 17.452, 8.091, 16.573], [13.731, 9.467, 11.573, 0.0, 17.031, 12.723, 6.806, 16.995, 6.107], [4.818, 10.084, 6.488, 17.03, 0.0, 8.225, 23.694, 14.245, 21.947], [2.981, 3.603, 2.741, 12.743, 8.227, 0.0, 17.396, 6.76, 18.982], [18.792, 14.116, 18.201, 6.861, 23.659, 17.372, 0.0, 21.644, 3.918], [8.992, 8.567, 8.069, 17.721, 14.238, 6.736, 20.929, 0.0, 23.751], [18.643, 15.529, 16.485, 6.102, 21.943, 18.953, 4.328, 23.225, 0.0]], "t_ij": [[0.0, 14.0, 9.85, 24.35, 10.583, 11.467, 32.95, 19.467, 31.383], [13.917, 0.0, 9.45, 13.283, 16.617, 9.95, 19.25, 15.35, 20.767], [7.85, 8.8, 0.0, 17.433, 11.383, 10.033, 24.633, 16.367, 23.283], [22.117, 13.95, 16.717, 0.0, 23.367, 21.567, 12.05, 25.2, 10.383], [10.65, 16.833, 10.733, 22.883, 0.0, 14.9, 32.783, 22.533, 29.1], [9.233, 9.467, 8.517, 20.067, 16.683, 0.0, 25.617, 12.2, 27.1], [28.417, 19.4, 25.267, 11.683, 31.967, 26.467, 0.0, 28.283, 9.183], [16.5, 15.9, 16.083, 23.717, 23.1, 12.467, 29.333, 0.0, 30.683], [27.317, 21.167, 22.567, 10.233, 29.1, 27.717, 9.283, 29.917, 0.0]]}