{"SER_NUM": 7, "VEH_NUM": 3, "c_1": 7, "c_2": 0.08, "c_3": 550, "c_4": 1.2, "phi_0": 0.0002, "yita": 0.0004, "omega": 60, "Q": 5400, "Q_h": 45, "M": 444444, "N_s": ["2", "3", "4", "5", "6", "7", "8"], "N": ["0", "2", "3", "4", "5", "6", "7", "8"], "K": ["1", "2", "3"], "ser_node": [13, 41, 49, 50, 55, 57, 59, 70], "ser_class": ["HS", "GS", "CS", "CS", "CS", "CS", "CS", "CS"], "d_h_i": {"2": 0, "3": 0, "4": 0, "5": 0, "6": 0, "7": 0, "8": 0}, "p_h_i": {"2": 0, "3": 0, "4": 0, "5": 0, "6": 0, "7": 0, "8": 0}, "d_g_i": {"2": 149.0, "3": 207.0, "4": 171.0, "5": 228.0, "6": 107.0, "7": 281.0, "8": 221.0}, "p_g_i": {"2": 300.0, "3": 214.0, "4": 263.0, "5": 268.0, "6": 205.0, "7": 283.0, "8": 248.0}, "D_h": 0, "P_h": 0, "D_g": 1364.0, "P_g": 1781.0, "s_i": {"0": 0, "2": 3, "3": 9, "4": 13, "5": 13, "6": 7, "7": 15, "8": 6}, "a_i": {"2": 0, "3": 0, "4": 0, "5": 0, "6": 30.615300000000005, "7": 30.615300000000005, "8": 30.615300000000005}, "b_i": {"2": 275.53770000000003, "3": 275.53770000000003, "4": 275.53770000000003, "5": 275.53770000000003, "6": 306.153, "7": 306.153, "8": 306.153}, "delta_ij": [[0.0, 9.869, 1.194, 9.348, 6.487, 13.733, 1.8, 4.471, 18.529], [9.283, 0.0, 8.089, 12.516, 5.615, 15.717, 11.762, 6.299, 21.956], [1.194, 8.719, 0.0, 9.612, 5.799, 14.035, 2.913, 3.277, 18.914], [9.342, 11.485, 9.607, 0.0, 13.021, 5.857, 9.639, 8.893, 10.774], [6.115, 5.357, 4.921, 13.043, 0.0, 16.303, 8.347, 5.872, 22.542], [13.731, 15.97, 12.949, 5.86, 16.322, 0.0, 14.028, 12.224, 6.107], [1.55, 10.825, 2.666, 9.385, 7.878, 13.77, 0.0, 5.545, 18.687], [3.689, 6.059, 2.495, 8.9, 5.889, 12.205, 5.908, 0.0, 18.202], [18.643, 21.016, 19.179, 10.772, 22.552, 6.102, 18.94, 18.454, 0.0]], "t_ij": [[0.0, 22.7, 2.95, 20.883, 15.917, 24.35, 7.2, 11.367, 31.383], [24.883, 0.0, 22.733, 20.667, 11.683, 22.067, 28.867, 16.533, 30.467], [2.967, 18.983, 0.0, 18.4, 13.417, 21.883, 8.9, 8.8, 28.2], [18.783, 20.483, 20.667, 0.0, 23.367, 9.05, 18.683, 15.783, 15.583], [13.65, 10.267, 10.817, 24.85, 0.0, 26.333, 15.317, 11.983, 34.017], [22.117, 22.483, 21.817, 9.317, 25.433, 0.0, 21.583, 17.6, 10.383], [4.65, 22.433, 7.6, 16.567, 17.367, 20.133, 0.0, 13.583, 25.75], [10.333, 11.383, 7.65, 15.967, 10.9, 18.217, 14.367, 0.0, 25.367], [27.317, 27.7, 27.55, 15.167, 30.583, 10.233, 26.967, 24.283, 0.0]]}