{"SER_NUM": 7, "VEH_NUM": 3, "c_1": 7, "c_2": 0.08, "c_3": 550, "c_4": 1.2, "phi_0": 0.0002, "yita": 0.0004, "omega": 60, "Q": 5400, "Q_h": 45, "M": 444444, "N_s": ["2", "3", "4", "5", "6", "7", "8"], "N": ["0", "2", "3", "4", "5", "6", "7", "8"], "K": ["1", "2", "3"], "ser_node": [4, 30, 51, 52, 53, 61, 62, 63], "ser_class": ["HS", "GS", "CS", "CS", "CS", "CS", "CS", "CS"], "d_h_i": {"2": 0, "3": 0, "4": 0, "5": 0, "6": 0, "7": 0, "8": 0}, "p_h_i": {"2": 0, "3": 0, "4": 0, "5": 0, "6": 0, "7": 0, "8": 0}, "d_g_i": {"2": 259.0, "3": 245.0, "4": 236.0, "5": 199.0, "6": 273.0, "7": 167.0, "8": 202.0}, "p_g_i": {"2": 237.0, "3": 200.0, "4": 231.0, "5": 271.0, "6": 170.0, "7": 324.0, "8": 228.0}, "D_h": 0, "P_h": 0, "D_g": 1581.0, "P_g": 1661.0, "s_i": {"0": 0, "2": 1, "3": 11, "4": 9, "5": 9, "6": 12, "7": 5, "8": 18}, "a_i": {"2": 0, "3": 25.560000000000002, "4": 0, "5": 25.560000000000002, "6": 0, "7": 25.560000000000002, "8": 25.560000000000002}, "b_i": {"2": 230.04, "3": 255.6, "4": 230.04, "5": 255.6, "6": 230.04, "7": 255.6, "8": 255.6}, "delta_ij": [[0.0, 10.758, 13.282, 5.88, 2.241, 4.865, 4.813, 4.135, 7.459], [10.352, 0.0, 13.964, 6.532, 9.235, 6.291, 18.472, 13.181, 7.338], [13.401, 14.373, 0.0, 10.195, 11.243, 13.854, 16.701, 16.033, 8.33], [5.022, 6.399, 9.81, 0.0, 3.957, 3.729, 10.108, 8.359, 1.925], [2.231, 9.089, 11.326, 3.659, 0.0, 3.111, 6.573, 5.905, 5.238], [3.947, 7.767, 13.325, 3.861, 2.999, 0.0, 9.308, 7.21, 5.44], [4.818, 15.539, 16.7, 10.084, 6.488, 9.265, 0.0, 6.91, 11.631], [3.266, 13.176, 16.027, 8.336, 5.815, 7.283, 6.209, 0.0, 9.915], [6.651, 7.145, 8.406, 1.975, 5.557, 5.59, 11.59, 9.988, 0.0]], "t_ij": [[0.0, 26.95, 24.017, 14.0, 9.85, 13.3, 10.583, 9.417, 16.467], [25.95, 0.0, 18.35, 15.1, 21.717, 15.483, 28.4, 28.067, 11.067], [21.533, 20.167, 0.0, 15.367, 16.033, 20.783, 22.733, 23.767, 12.433], [13.917, 15.233, 13.567, 0.0, 9.45, 8.133, 16.617, 20.05, 4.467], [7.85, 18.9, 16.417, 8.8, 0.0, 10.517, 11.383, 13.167, 10.717], [11.65, 15.183, 21.717, 10.9, 9.917, 0.0, 18.117, 14.05, 13.3], [10.65, 26.25, 21.15, 16.833, 10.733, 17.083, 0.0, 13.117, 19.317], [7.917, 25.1, 23.9, 17.717, 12.9, 14.0, 12.733, 0.0, 19.983], [15.033, 13.933, 12.0, 4.2, 12.35, 10.667, 19.567, 20.917, 0.0]]}