{"SER_NUM": 7, "VEH_NUM": 3, "c_1": 7, "c_2": 0.08, "c_3": 550, "c_4": 1.2, "phi_0": 0.0002, "yita": 0.0004, "omega": 60, "Q": 5400, "Q_h": 45, "M": 444444, "N_s": ["1", "3", "4", "5", "6", "7", "8"], "N": ["0", "1", "3", "4", "5", "6", "7", "8"], "K": ["1", "2", "3"], "ser_node": [16, 38, 54, 57, 58, 61, 62, 72], "ser_class": ["HS", "GS", "CS", "CS", "CS", "CS", "CS", "CS"], "d_h_i": {"1": 3.0, "3": 5.0, "4": 3.0, "5": 4.0, "6": 5.0, "7": 2.0, "8": 4.0}, "p_h_i": {"1": 3.0, "3": 3.0, "4": 4.0, "5": 3.0, "6": 3.0, "7": 4.0, "8": 5.0}, "d_g_i": {"1": 0, "3": 0, "4": 0, "5": 0, "6": 0, "7": 0, "8": 0}, "p_g_i": {"1": 0, "3": 0, "4": 0, "5": 0, "6": 0, "7": 0, "8": 0}, "D_h": 26.0, "P_h": 25.0, "D_g": 0, "P_g": 0, "s_i": {"0": 0, "1": 2, "3": 7, "4": 16, "5": 17, "6": 6, "7": 14, "8": 1}, "a_i": {"1": 33.585300000000004, "3": 33.585300000000004, "4": 0, "5": 33.585300000000004, "6": 33.585300000000004, "7": 0, "8": 0}, "b_i": {"1": 335.853, "3": 335.853, "4": 302.2677, "5": 335.853, "6": 335.853, "7": 302.2677, "8": 302.2677}, "delta_ij": [[0.0, 4.112, 0.97, 21.839, 1.8, 3.675, 4.813, 4.135, 5.719], [3.752, 0.0, 3.864, 18.453, 5.122, 3.166, 8.125, 7.457, 2.953], [0.971, 3.871, 0.0, 21.927, 1.341, 3.744, 4.333, 3.676, 5.788], [20.756, 18.556, 21.936, 0.0, 23.194, 18.636, 27.066, 24.019, 16.094], [1.55, 4.876, 1.088, 22.932, 0.0, 4.749, 4.32, 2.689, 7.707], [2.804, 2.74, 3.768, 19.09, 5.778, 0.0, 8.05, 6.781, 2.549], [4.818, 8.136, 4.337, 26.192, 4.575, 8.031, 0.0, 6.91, 10.075], [3.266, 7.463, 3.675, 24.295, 2.643, 6.644, 6.209, 0.0, 9.136], [4.824, 2.895, 5.853, 16.744, 7.111, 2.966, 10.114, 9.15, 0.0]], "t_ij": [[0.0, 12.05, 3.683, 36.133, 7.2, 11.4, 10.583, 9.417, 13.617], [11.2, 0.0, 10.517, 28.617, 13.417, 10.183, 14.95, 16.367, 7.917], [3.367, 11.283, 0.0, 31.517, 3.65, 11.767, 8.95, 7.383, 13.7], [33.5, 27.95, 31.367, 0.0, 34.233, 28.517, 35.667, 36.017, 23.767], [4.65, 12.333, 2.9, 32.0, 0.0, 13.55, 8.767, 7.0, 15.317], [8.633, 8.767, 11.633, 30.083, 13.367, 0.0, 16.667, 13.667, 7.317], [10.65, 14.167, 9.017, 34.967, 10.083, 14.85, 0.0, 13.117, 17.183], [7.917, 16.633, 8.3, 37.317, 7.133, 13.083, 12.733, 0.0, 16.967], [12.8, 7.567, 13.417, 25.15, 16.217, 7.733, 18.15, 16.85, 0.0]]}