{"SER_NUM": 7, "VEH_NUM": 3, "c_1": 7, "c_2": 0.08, "c_3": 550, "c_4": 1.2, "phi_0": 0.0002, "yita": 0.0004, "omega": 60, "Q": 5400, "Q_h": 45, "M": 444444, "N_s": ["2", "3", "4", "5", "6", "7", "8"], "N": ["0", "2", "3", "4", "5", "6", "7", "8"], "K": ["1", "2", "3"], "ser_node": [17, 34, 52, 57, 61, 66, 67, 70], "ser_class": ["HS", "GS", "CS", "CS", "CS", "CS", "CS", "CS"], "d_h_i": {"2": 0, "3": 0, "4": 0, "5": 0, "6": 0, "7": 0, "8": 0}, "p_h_i": {"2": 0, "3": 0, "4": 0, "5": 0, "6": 0, "7": 0, "8": 0}, "d_g_i": {"2": 252.0, "3": 166.0, "4": 84.0, "5": 239.0, "6": 266.0, "7": 230.0, "8": 181.0}, "p_g_i": {"2": 244.0, "3": 299.0, "4": 211.0, "5": 244.0, "6": 252.0, "7": 189.0, "8": 244.0}, "D_h": 0, "P_h": 0, "D_g": 1418.0, "P_g": 1683.0, "s_i": {"0": 0, "2": 9, "3": 0, "4": 12, "5": 18, "6": 1, "7": 1, "8": 20}, "a_i": {"2": 31.844700000000003, "3": 0, "4": 0, "5": 31.844700000000003, "6": 31.844700000000003, "7": 31.844700000000003, "8": 0}, "b_i": {"2": 318.447, "3": 286.6023, "4": 286.6023, "5": 318.447, "6": 318.447, "7": 318.447, "8": 286.6023}, "delta_ij": [[0.0, 2.219, 3.668, 2.241, 1.8, 4.813, 3.869, 6.703, 18.529], [2.282, 0.0, 2.659, 7.963, 4.791, 9.055, 4.375, 10.463, 23.422], [2.401, 1.205, 0.0, 5.337, 2.165, 6.429, 3.882, 7.911, 21.157], [2.231, 5.385, 5.977, 0.0, 3.57, 6.573, 2.739, 4.159, 16.573], [1.55, 2.169, 3.516, 3.228, 0.0, 4.32, 4.943, 6.497, 18.687], [4.818, 6.39, 7.737, 6.488, 4.575, 0.0, 8.225, 9.757, 21.947], [2.981, 3.745, 3.79, 2.741, 4.656, 8.227, 0.0, 5.736, 18.982], [6.39, 8.49, 9.269, 4.345, 6.8, 9.803, 5.759, 0.0, 12.999], [18.643, 20.755, 22.102, 16.485, 18.94, 21.943, 18.953, 13.393, 0.0]], "t_ij": [[0.0, 7.683, 9.45, 9.85, 7.2, 10.583, 11.467, 15.567, 31.383], [8.533, 0.0, 8.05, 17.167, 9.783, 17.067, 14.5, 23.067, 35.383], [7.1, 3.183, 0.0, 13.933, 7.25, 13.933, 9.1, 17.233, 32.467], [7.85, 13.917, 14.733, 0.0, 10.05, 11.383, 10.033, 9.1, 23.283], [4.65, 7.133, 8.3, 8.15, 0.0, 8.767, 13.5, 12.167, 25.75], [10.65, 13.8, 15.7, 10.733, 10.083, 0.0, 14.9, 15.233, 29.1], [9.233, 12.6, 9.0, 8.517, 14.05, 16.683, 0.0, 12.483, 27.1], [14.5, 20.217, 18.967, 8.983, 14.233, 16.05, 14.483, 0.0, 16.867], [27.317, 30.533, 32.317, 22.567, 26.967, 29.1, 27.717, 17.467, 0.0]]}