{"SER_NUM": 7, "VEH_NUM": 3, "c_1": 7, "c_2": 0.08, "c_3": 550, "c_4": 1.2, "phi_0": 0.0002, "yita": 0.0004, "omega": 60, "Q": 5400, "Q_h": 45, "M": 444444, "N_s": ["1", "3", "4", "5", "6", "7", "8"], "N": ["0", "1", "3", "4", "5", "6", "7", "8"], "K": ["1", "2", "3"], "ser_node": [19, 37, 51, 54, 55, 58, 59, 68], "ser_class": ["HS", "GS", "CS", "CS", "CS", "CS", "CS", "CS"], "d_h_i": {"1": 3.0, "3": 4.0, "4": 4.0, "5": 4.0, "6": 4.0, "7": 5.0, "8": 5.0}, "p_h_i": {"1": 3.0, "3": 4.0, "4": 4.0, "5": 3.0, "6": 3.0, "7": 4.0, "8": 2.0}, "d_g_i": {"1": 0, "3": 0, "4": 0, "5": 0, "6": 0, "7": 0, "8": 0}, "p_g_i": {"1": 0, "3": 0, "4": 0, "5": 0, "6": 0, "7": 0, "8": 0}, "D_h": 29.0, "P_h": 23.0, "D_g": 0, "P_g": 0, "s_i": {"0": 0, "1": 2, "3": 20, "4": 4, "5": 0, "6": 12, "7": 5, "8": 15}, "a_i": {"1": 33.03, "3": 0, "4": 33.03, "5": 0, "6": 0, "7": 33.03, "8": 33.03}, "b_i": {"1": 330.3, "3": 297.27000000000004, "4": 330.3, "5": 297.27000000000004, "6": 297.27000000000004, "7": 330.3, "8": 330.3}, "delta_ij": [[0.0, 21.209, 8.713, 5.88, 21.839, 13.733, 3.675, 4.471, 19.447], [20.374, 0.0, 13.74, 15.698, 0.728, 8.443, 19.364, 17.866, 1.913], [9.226, 13.804, 0.0, 5.501, 14.384, 5.222, 9.325, 8.258, 11.407], [5.022, 15.725, 5.57, 0.0, 16.305, 9.486, 4.096, 2.871, 14.139], [20.756, 0.799, 14.391, 16.349, 0.0, 9.094, 18.636, 17.138, 2.564], [13.731, 8.444, 5.163, 9.467, 9.024, 0.0, 13.419, 12.224, 6.806], [2.804, 19.057, 8.923, 3.678, 19.09, 13.027, 0.0, 1.301, 17.471], [3.689, 17.878, 8.31, 2.826, 17.79, 12.205, 1.72, 0.0, 16.858], [18.792, 1.908, 11.842, 14.116, 2.488, 6.861, 17.866, 16.873, 0.0]], "t_ij": [[0.0, 36.7, 19.267, 14.0, 36.133, 24.35, 11.4, 11.367, 32.95], [35.05, 0.0, 20.367, 24.117, 1.633, 15.95, 31.183, 27.75, 4.283], [17.517, 19.783, 0.0, 11.517, 20.25, 8.017, 19.95, 14.817, 17.983], [13.917, 22.183, 10.717, 0.0, 22.533, 13.283, 10.9, 6.85, 19.25], [33.5, 2.25, 20.05, 23.55, 0.0, 15.867, 28.517, 24.767, 4.883], [22.117, 15.3, 8.15, 13.95, 15.667, 0.0, 22.633, 17.6, 12.05], [8.633, 29.583, 17.0, 9.733, 30.083, 20.783, 0.0, 3.95, 26.283], [10.333, 26.8, 14.65, 7.2, 26.633, 18.217, 4.967, 0.0, 24.117], [28.417, 4.417, 16.05, 19.4, 4.583, 11.683, 27.217, 22.867, 0.0]]}