{"SER_NUM": 8, "VEH_NUM": 3, "c_1": 7, "c_2": 0.08, "c_3": 550, "c_4": 1.2, "phi_0": 0.0002, "yita": 0.0004, "omega": 60, "Q": 5400, "Q_h": 45, "M": 444444, "N_s": ["1", "2", "3", "4", "5", "6", "7", "8"], "N": ["0", "1", "2", "3", "4", "5", "6", "7", "8"], "K": ["1", "2", "3"], "ser_node": [5, 30, 51, 54, 61, 63, 70, 71], "ser_class": ["HS", "GS", "CS", "CS", "CS", "CS", "CS", "CS"], "d_h_i": {"1": 4.0, "2": 0, "3": 4.0, "4": 4.0, "5": 3.0, "6": 2.0, "7": 4.0, "8": 3.0}, "p_h_i": {"1": 4.0, "2": 0, "3": 3.0, "4": 3.0, "5": 4.0, "6": 3.0, "7": 3.0, "8": 5.0}, "d_g_i": {"1": 0, "2": 275.0, "3": 207.0, "4": 240.0, "5": 255.0, "6": 212.0, "7": 130.0, "8": 252.0}, "p_g_i": {"1": 0, "2": 272.0, "3": 168.0, "4": 301.0, "5": 285.0, "6": 238.0, "7": 223.0, "8": 210.0}, "D_h": 24.0, "P_h": 25.0, "D_g": 1571.0, "P_g": 1697.0, "s_i": {"0": 0, "1": 2, "2": 10, "3": 16, "4": 8, "5": 18, "6": 5, "7": 1, "8": 18}, "a_i": {"1": 0, "2": 0, "3": 33.0003, "4": 33.0003, "5": 33.0003, "6": 0, "7": 33.0003, "8": 0}, "b_i": {"1": 297.00270000000006, "2": 297.00270000000006, "3": 330.00300000000004, "4": 330.00300000000004, "5": 330.00300000000004, "6": 297.00270000000006, "7": 330.00300000000004, "8": 297.00270000000006}, "delta_ij": [[0.0, 3.053, 13.282, 5.88, 21.839, 4.813, 7.459, 18.529, 2.939], [3.056, 0.0, 14.946, 8.33, 24.438, 3.829, 9.764, 20.193, 4.48], [13.401, 14.951, 0.0, 10.195, 10.022, 16.701, 8.33, 5.777, 10.989], [5.022, 8.358, 9.81, 0.0, 16.305, 10.108, 1.925, 15.725, 4.396], [20.756, 24.447, 9.209, 16.349, 0.0, 27.066, 14.895, 5.711, 20.485], [4.818, 3.835, 16.7, 10.084, 26.192, 0.0, 11.631, 21.947, 6.234], [6.651, 9.84, 8.406, 1.975, 14.901, 11.59, 0.0, 14.321, 5.878], [18.643, 20.193, 5.772, 15.529, 6.112, 21.943, 14.243, 0.0, 16.231], [2.3, 4.892, 11.395, 3.99, 19.845, 6.642, 5.502, 16.642, 0.0]], "t_ij": [[0.0, 8.25, 24.017, 14.0, 36.133, 10.583, 16.467, 31.383, 9.583], [8.267, 0.0, 23.25, 17.967, 36.667, 9.033, 20.583, 30.733, 10.717], [21.533, 23.117, 0.0, 15.367, 16.033, 22.733, 12.433, 9.95, 15.0], [13.917, 16.833, 13.567, 0.0, 22.533, 16.617, 4.467, 20.767, 8.767], [33.5, 35.417, 16.0, 23.55, 0.0, 35.667, 21.0, 11.083, 28.267], [10.65, 9.333, 21.15, 16.833, 34.967, 0.0, 19.317, 29.1, 9.867], [15.033, 19.45, 12.0, 4.2, 21.133, 19.567, 0.0, 19.433, 11.6], [27.317, 28.717, 9.383, 21.167, 11.0, 29.1, 18.617, 0.0, 21.517], [7.983, 10.45, 16.367, 9.9, 28.933, 10.967, 10.967, 22.95, 0.0]]}