{"SER_NUM": 5, "VEH_NUM": 3, "c_1": 7, "c_2": 0.08, "c_3": 550, "c_4": 1.2, "phi_0": 0.0002, "yita": 0.0004, "omega": 60, "Q": 5400, "Q_h": 45, "M": 444444, "N_s": ["4", "5", "6", "7", "8"], "N": ["0", "4", "5", "6", "7", "8"], "K": ["1", "2", "3"], "ser_node": [14, 21, 23, 33, 35, 42, 57, 63], "ser_class": ["HS", "HS", "HS", "GS", "GS", "GS", "CS", "CS"], "d_h_i": {"4": 0, "5": 0, "6": 0, "7": 0, "8": 0}, "p_h_i": {"4": 0, "5": 0, "6": 0, "7": 0, "8": 0}, "d_g_i": {"4": 205.0, "5": 212.0, "6": 234.0, "7": 210.0, "8": 182.0}, "p_g_i": {"4": 253.0, "5": 258.0, "6": 141.0, "7": 202.0, "8": 291.0}, "D_h": 0, "P_h": 0, "D_g": 1043.0, "P_g": 1145.0, "s_i": {"0": 0, "4": 4, "5": 8, "6": 5, "7": 15, "8": 8}, "a_i": {"4": 29.324699999999996, "5": 0, "6": 29.324699999999996, "7": 29.324699999999996, "8": 0}, "b_i": {"4": 293.24699999999996, "5": 263.92229999999995, "6": 293.24699999999996, "7": 293.24699999999996, "8": 263.92229999999995}, "delta_ij": [[0.0, 7.205, 10.943, 19.644, 1.013, 2.612, 3.377, 1.8, 7.459], [6.874, 0.0, 9.151, 13.509, 5.96, 7.011, 5.256, 7.284, 2.657], [9.956, 9.552, 0.0, 8.235, 10.547, 8.175, 8.727, 12.216, 8.701], [18.779, 13.5, 7.851, 0.0, 19.456, 15.916, 17.409, 20.78, 12.649], [1.013, 5.969, 10.683, 19.482, 0.0, 2.909, 2.343, 1.882, 7.155], [2.367, 7.03, 8.36, 15.975, 2.958, 0.0, 3.208, 3.77, 6.002], [2.518, 4.486, 8.714, 17.26, 2.351, 2.935, 0.0, 4.345, 5.025], [1.55, 7.041, 11.899, 20.554, 1.628, 3.568, 3.655, 0.0, 8.371], [6.651, 2.572, 8.398, 12.109, 7.263, 6.04, 5.251, 8.587, 0.0]], "t_ij": [[0.0, 16.7, 23.983, 32.583, 4.1, 7.7, 10.217, 7.2, 16.467], [15.167, 0.0, 15.283, 18.733, 12.817, 16.617, 10.25, 15.133, 6.983], [21.933, 16.483, 0.0, 14.583, 23.483, 16.9, 19.817, 24.5, 14.817], [29.55, 17.3, 11.283, 0.0, 28.65, 26.733, 26.05, 30.933, 15.25], [3.5, 12.983, 23.683, 30.167, 0.0, 9.483, 8.3, 7.25, 15.033], [7.383, 14.933, 16.667, 27.3, 8.217, 0.0, 9.05, 12.267, 12.217], [8.3, 11.083, 18.867, 25.05, 7.917, 9.5, 0.0, 11.35, 10.75], [4.65, 13.417, 23.75, 30.017, 6.9, 9.8, 9.3, 0.0, 16.5], [15.033, 7.233, 14.5, 18.567, 15.083, 13.25, 11.3, 17.7, 0.0]]}