{"SER_NUM": 8, "VEH_NUM": 3, "c_1": 7, "c_2": 0.08, "c_3": 550, "c_4": 1.2, "phi_0": 0.0002, "yita": 0.0004, "omega": 60, "Q": 5400, "Q_h": 45, "M": 444444, "N_s": ["1", "2", "3", "4", "5", "6", "7", "8"], "N": ["0", "1", "2", "3", "4", "5", "6", "7", "8"], "K": ["1", "2", "3"], "ser_node": [3, 9, 14, 30, 39, 45, 56, 70], "ser_class": ["HS", "HS", "HS", "GS", "GS", "GS", "CS", "CS"], "d_h_i": {"1": 4.0, "2": 3.0, "3": 4.0, "4": 0, "5": 0, "6": 0, "7": 4.0, "8": 5.0}, "p_h_i": {"1": 3.0, "2": 4.0, "3": 4.0, "4": 0, "5": 0, "6": 0, "7": 4.0, "8": 4.0}, "d_g_i": {"1": 0, "2": 0, "3": 0, "4": 273.0, "5": 299.0, "6": 300.0, "7": 235.0, "8": 173.0}, "p_g_i": {"1": 0, "2": 0, "3": 0, "4": 241.0, "5": 238.0, "6": 217.0, "7": 219.0, "8": 282.0}, "D_h": 20.0, "P_h": 19.0, "D_g": 1280.0, "P_g": 1197.0, "s_i": {"0": 0, "1": 1, "2": 2, "3": 5, "4": 13, "5": 7, "6": 5, "7": 5, "8": 10}, "a_i": {"1": 32.7447, "2": 0, "3": 32.7447, "4": 32.7447, "5": 0, "6": 0, "7": 32.7447, "8": 0}, "b_i": {"1": 327.447, "2": 294.70230000000004, "3": 327.447, "4": 327.447, "5": 294.70230000000004, "6": 294.70230000000004, "7": 327.447, "8": 294.70230000000004}, "delta_ij": [[0.0, 1.456, 8.404, 7.205, 13.282, 4.176, 7.865, 19.045, 18.529], [1.831, 0.0, 7.119, 5.714, 12.113, 2.679, 9.449, 17.544, 17.36], [7.564, 7.777, 0.0, 5.729, 11.504, 6.113, 15.813, 13.304, 17.419], [6.874, 5.844, 5.729, 0.0, 7.282, 3.181, 13.349, 12.822, 12.529], [13.401, 12.258, 11.487, 7.299, 0.0, 9.636, 19.763, 6.395, 5.777], [4.824, 3.92, 5.715, 2.789, 9.23, 0.0, 11.299, 15.713, 14.477], [7.584, 8.853, 15.684, 13.234, 19.633, 10.404, 0.0, 26.116, 24.88], [18.267, 18.046, 13.376, 12.933, 6.451, 16.169, 26.296, 0.0, 3.935], [18.643, 17.5, 17.286, 12.541, 5.772, 14.878, 25.005, 4.001, 0.0]], "t_ij": [[0.0, 7.667, 22.1, 16.7, 24.017, 11.083, 13.85, 31.733, 31.383], [7.717, 0.0, 20.617, 12.567, 18.7, 7.483, 17.583, 30.333, 25.967], [21.15, 19.483, 0.0, 9.517, 15.4, 15.367, 29.717, 20.267, 23.4], [15.167, 12.05, 10.267, 0.0, 10.0, 7.183, 21.933, 18.25, 17.383], [21.533, 18.817, 15.983, 9.6, 0.0, 13.15, 28.517, 10.75, 9.95], [12.183, 8.583, 14.4, 6.85, 12.417, 0.0, 18.8, 20.817, 19.217], [12.567, 15.083, 27.35, 21.283, 27.017, 16.517, 0.0, 35.95, 34.117], [28.9, 27.45, 18.817, 17.2, 10.833, 21.717, 36.383, 0.0, 10.1], [27.317, 24.883, 22.517, 16.5, 9.383, 19.883, 33.967, 10.467, 0.0]]}