{"SER_NUM": 5, "VEH_NUM": 3, "c_1": 7, "c_2": 0.08, "c_3": 550, "c_4": 1.2, "phi_0": 0.0002, "yita": 0.0004, "omega": 60, "Q": 5400, "Q_h": 45, "M": 444444, "N_s": ["4", "5", "6", "7", "8"], "N": ["0", "4", "5", "6", "7", "8"], "K": ["1", "2", "3"], "ser_node": [1, 5, 20, 28, 35, 40, 52, 70], "ser_class": ["HS", "HS", "HS", "GS", "GS", "GS", "CS", "CS"], "d_h_i": {"4": 0, "5": 0, "6": 0, "7": 0, "8": 0}, "p_h_i": {"4": 0, "5": 0, "6": 0, "7": 0, "8": 0}, "d_g_i": {"4": 227.0, "5": 238.0, "6": 215.0, "7": 204.0, "8": 278.0}, "p_g_i": {"4": 201.0, "5": 194.0, "6": 172.0, "7": 228.0, "8": 235.0}, "D_h": 0, "P_h": 0, "D_g": 1162.0, "P_g": 1030.0, "s_i": {"0": 0, "4": 7, "5": 0, "6": 2, "7": 9, "8": 7}, "a_i": {"4": 32.7447, "5": 0, "6": 32.7447, "7": 32.7447, "8": 0}, "b_i": {"4": 327.447, "5": 294.70230000000004, "6": 327.447, "7": 327.447, "8": 294.70230000000004}, "delta_ij": [[0.0, 3.069, 3.053, 3.86, 7.911, 2.612, 2.863, 2.241, 18.529], [3.034, 0.0, 5.1, 4.355, 5.744, 2.009, 2.859, 5.466, 21.683], [3.056, 5.053, 0.0, 6.185, 10.256, 4.966, 6.077, 4.734, 20.193], [3.135, 4.707, 5.823, 0.0, 5.214, 2.489, 1.735, 1.221, 17.234], [7.062, 5.727, 10.296, 5.028, 0.0, 5.281, 5.108, 6.139, 21.042], [2.367, 1.941, 4.958, 2.365, 5.328, 0.0, 1.055, 3.438, 19.802], [1.949, 3.046, 5.194, 2.12, 5.115, 0.966, 0.0, 3.231, 19.334], [2.231, 5.378, 4.823, 1.874, 6.157, 3.387, 2.73, 0.0, 16.573], [18.643, 21.864, 20.193, 18.198, 21.291, 19.594, 18.822, 16.485, 0.0]], "t_ij": [[0.0, 8.867, 8.25, 10.467, 16.967, 7.7, 9.117, 9.85, 31.383], [9.983, 0.0, 11.533, 12.233, 9.517, 4.817, 8.417, 16.067, 36.383], [8.267, 11.333, 0.0, 15.45, 20.2, 11.75, 15.283, 11.817, 30.733], [10.05, 12.367, 13.95, 0.0, 11.317, 8.8, 6.983, 7.067, 26.15], [17.083, 10.25, 21.283, 11.883, 0.0, 12.083, 10.083, 15.367, 33.133], [7.383, 4.9, 13.783, 7.333, 10.017, 0.0, 2.917, 10.45, 28.8], [8.817, 7.65, 15.967, 7.183, 10.233, 3.85, 0.0, 10.083, 30.367], [7.85, 14.167, 11.967, 7.483, 14.067, 10.417, 8.75, 0.0, 23.283], [27.317, 31.733, 28.717, 25.383, 27.65, 28.483, 26.683, 22.567, 0.0]]}