{"SER_NUM": 5, "VEH_NUM": 3, "c_1": 7, "c_2": 0.08, "c_3": 550, "c_4": 1.2, "phi_0": 0.0002, "yita": 0.0004, "omega": 60, "Q": 5400, "Q_h": 45, "M": 444444, "N_s": ["4", "5", "6", "7", "8"], "N": ["0", "4", "5", "6", "7", "8"], "K": ["1", "2", "3"], "ser_node": [4, 5, 7, 30, 44, 48, 63, 70], "ser_class": ["HS", "HS", "HS", "GS", "GS", "GS", "CS", "CS"], "d_h_i": {"4": 0, "5": 0, "6": 0, "7": 0, "8": 0}, "p_h_i": {"4": 0, "5": 0, "6": 0, "7": 0, "8": 0}, "d_g_i": {"4": 211.0, "5": 180.0, "6": 275.0, "7": 207.0, "8": 240.0}, "p_g_i": {"4": 156.0, "5": 277.0, "6": 272.0, "7": 168.0, "8": 301.0}, "D_h": 0, "P_h": 0, "D_g": 1113.0, "P_g": 1174.0, "s_i": {"0": 0, "4": 0, "5": 2, "6": 11, "7": 19, "8": 14}, "a_i": {"4": 30.509999999999998, "5": 30.509999999999998, "6": 0, "7": 30.509999999999998, "8": 0}, "b_i": {"4": 305.09999999999997, "5": 305.09999999999997, "6": 274.59, "7": 305.09999999999997, "8": 274.59}, "delta_ij": [[0.0, 10.758, 3.053, 9.753, 13.282, 18.084, 19.592, 7.459, 18.529], [10.352, 0.0, 13.152, 3.647, 13.964, 16.704, 18.212, 7.338, 19.879], [3.056, 13.103, 0.0, 12.098, 14.946, 20.362, 22.191, 9.764, 20.193], [8.908, 3.712, 12.142, 0.0, 14.976, 17.716, 19.224, 7.091, 20.694], [13.401, 14.373, 14.951, 14.987, 0.0, 5.384, 6.892, 8.33, 5.777], [17.201, 17.114, 20.399, 17.728, 5.385, 0.0, 1.962, 11.071, 2.803], [18.708, 18.702, 22.13, 19.235, 7.709, 1.961, 0.0, 12.578, 3.872], [6.651, 7.145, 9.84, 7.178, 8.406, 11.146, 12.654, 0.0, 14.321], [18.643, 20.367, 20.193, 20.9, 5.772, 3.022, 3.454, 14.243, 0.0]], "t_ij": [[0.0, 26.95, 8.25, 23.167, 24.017, 28.95, 32.083, 16.467, 31.383], [25.95, 0.0, 30.4, 10.483, 18.35, 21.3, 25.117, 11.067, 26.367], [8.267, 29.233, 0.0, 25.7, 23.25, 31.217, 33.9, 20.583, 30.733], [22.0, 10.0, 25.633, 0.0, 24.467, 28.133, 31.6, 15.8, 32.433], [21.533, 20.167, 23.117, 26.083, 0.0, 9.117, 13.4, 12.433, 9.95], [28.2, 22.367, 30.717, 27.983, 9.8, 0.0, 7.267, 15.017, 7.433], [30.917, 25.5, 32.4, 28.7, 12.1, 6.933, 0.0, 17.767, 7.35], [15.033, 13.933, 19.45, 14.967, 12.0, 14.633, 17.483, 0.0, 19.433], [27.317, 26.067, 28.717, 28.333, 9.383, 7.6, 8.067, 18.617, 0.0]]}