{"SER_NUM": 5, "VEH_NUM": 3, "c_1": 7, "c_2": 0.08, "c_3": 550, "c_4": 1.2, "phi_0": 0.0002, "yita": 0.0004, "omega": 60, "Q": 5400, "Q_h": 45, "M": 444444, "N_s": ["4", "5", "6", "7", "8"], "N": ["0", "4", "5", "6", "7", "8"], "K": ["1", "2", "3"], "ser_node": [3, 9, 22, 31, 32, 43, 58, 59], "ser_class": ["HS", "HS", "HS", "GS", "GS", "GS", "CS", "CS"], "d_h_i": {"4": 0, "5": 0, "6": 0, "7": 0, "8": 0}, "p_h_i": {"4": 0, "5": 0, "6": 0, "7": 0, "8": 0}, "d_g_i": {"4": 189.0, "5": 222.0, "6": 262.0, "7": 244.0, "8": 221.0}, "p_g_i": {"4": 157.0, "5": 204.0, "6": 202.0, "7": 204.0, "8": 346.0}, "D_h": 0, "P_h": 0, "D_g": 1138.0, "P_g": 1113.0, "s_i": {"0": 0, "4": 10, "5": 5, "6": 3, "7": 14, "8": 0}, "a_i": {"4": 0, "5": 21.9447, "6": 21.9447, "7": 21.9447, "8": 0}, "b_i": {"4": 197.50230000000002, "5": 219.447, "6": 219.447, "7": 219.447, "8": 197.50230000000002}, "delta_ij": [[0.0, 1.456, 8.404, 3.377, 1.351, 1.756, 0.946, 3.675, 4.471], [1.831, 0.0, 7.119, 2.421, 2.709, 3.167, 2.623, 3.449, 3.16], [7.564, 7.777, 0.0, 5.369, 9.161, 9.533, 9.619, 5.444, 3.963], [3.676, 2.646, 5.477, 0.0, 4.643, 5.012, 4.147, 3.494, 2.818], [1.349, 2.44, 9.159, 4.64, 0.0, 2.024, 0.571, 4.981, 5.325], [1.756, 2.792, 11.364, 5.034, 1.965, 0.0, 1.695, 7.186, 5.577], [0.946, 1.88, 8.756, 4.143, 0.573, 1.695, 0.0, 3.969, 4.765], [2.804, 3.101, 5.26, 3.108, 4.074, 5.487, 3.669, 0.0, 1.301], [3.689, 3.412, 3.96, 2.851, 5.438, 5.558, 4.443, 1.72, 0.0]], "t_ij": [[0.0, 7.667, 22.1, 13.1, 4.567, 12.45, 3.517, 11.4, 11.367], [7.717, 0.0, 20.617, 8.267, 8.35, 18.717, 8.0, 11.9, 10.1], [21.15, 19.483, 0.0, 14.433, 24.383, 23.483, 22.117, 14.5, 10.55], [11.317, 7.9, 15.467, 0.0, 12.817, 14.717, 12.333, 10.883, 8.3], [4.05, 7.783, 23.483, 12.533, 0.0, 7.15, 3.55, 13.283, 13.283], [9.683, 16.75, 22.717, 21.35, 10.167, 0.0, 10.917, 13.8, 18.8], [3.333, 6.833, 21.567, 10.967, 3.117, 6.967, 0.0, 12.233, 12.25], [8.633, 10.5, 12.483, 9.65, 13.183, 12.517, 11.683, 0.0, 3.95], [10.333, 9.283, 8.9, 8.533, 13.417, 15.283, 13.733, 4.967, 0.0]]}