{"SER_NUM": 8, "VEH_NUM": 3, "c_1": 7, "c_2": 0.08, "c_3": 550, "c_4": 1.2, "phi_0": 0.0002, "yita": 0.0004, "omega": 60, "Q": 5400, "Q_h": 45, "M": 444444, "N_s": ["1", "2", "3", "4", "5", "6", "7", "8"], "N": ["0", "1", "2", "3", "4", "5", "6", "7", "8"], "K": ["1", "2", "3"], "ser_node": [1, 3, 12, 32, 35, 43, 57, 60], "ser_class": ["HS", "HS", "HS", "GS", "GS", "GS", "CS", "CS"], "d_h_i": {"1": 3.0, "2": 4.0, "3": 4.0, "4": 0, "5": 0, "6": 0, "7": 4.0, "8": 3.0}, "p_h_i": {"1": 3.0, "2": 3.0, "3": 3.0, "4": 0, "5": 0, "6": 0, "7": 6.0, "8": 5.0}, "d_g_i": {"1": 0, "2": 0, "3": 0, "4": 80.0, "5": 337.0, "6": 217.0, "7": 208.0, "8": 214.0}, "p_g_i": {"1": 0, "2": 0, "3": 0, "4": 180.0, "5": 265.0, "6": 230.0, "7": 278.0, "8": 185.0}, "D_h": 18.0, "P_h": 20.0, "D_g": 1056.0, "P_g": 1138.0, "s_i": {"0": 0, "1": 1, "2": 4, "3": 2, "4": 5, "5": 1, "6": 8, "7": 16, "8": 20}, "a_i": {"1": 0, "2": 36.240300000000005, "3": 36.240300000000005, "4": 36.240300000000005, "5": 0, "6": 36.240300000000005, "7": 0, "8": 0}, "b_i": {"1": 326.16270000000003, "2": 362.403, "3": 362.403, "4": 362.403, "5": 326.16270000000003, "6": 362.403, "7": 326.16270000000003, "8": 326.16270000000003}, "delta_ij": [[0.0, 3.069, 1.456, 21.917, 1.756, 2.612, 0.946, 1.8, 5.588], [3.034, 0.0, 4.591, 20.273, 5.671, 2.009, 3.413, 4.126, 6.083], [1.831, 4.957, 0.0, 21.683, 3.167, 2.987, 2.623, 3.179, 4.232], [20.679, 20.175, 22.592, 0.0, 22.648, 18.898, 23.43, 23.986, 17.699], [1.756, 3.834, 2.792, 24.117, 0.0, 3.747, 1.695, 1.163, 6.694], [2.367, 1.941, 2.664, 19.036, 3.693, 0.0, 3.232, 3.77, 4.131], [0.946, 3.421, 1.88, 22.706, 1.695, 2.964, 0.0, 1.022, 5.882], [1.55, 4.116, 2.66, 23.01, 1.272, 3.568, 0.772, 0.0, 6.506], [5.258, 7.333, 3.777, 17.43, 7.479, 4.157, 6.005, 6.561, 0.0]], "t_ij": [[0.0, 8.867, 7.667, 35.533, 12.45, 7.7, 3.517, 7.2, 13.217], [9.983, 0.0, 11.7, 37.183, 10.933, 4.817, 11.017, 10.867, 15.017], [7.717, 14.283, 0.0, 32.583, 18.717, 10.633, 8.0, 9.283, 12.083], [35.9, 31.233, 30.333, 0.0, 37.267, 31.05, 31.617, 33.5, 25.45], [9.683, 13.167, 16.75, 40.267, 0.0, 14.45, 10.917, 8.567, 20.333], [7.383, 4.9, 8.1, 31.767, 11.35, 0.0, 9.383, 12.267, 9.783], [3.333, 10.0, 6.833, 33.9, 6.967, 9.017, 0.0, 4.033, 14.667], [4.65, 9.633, 7.35, 31.933, 3.883, 9.8, 2.667, 0.0, 14.133], [13.833, 15.083, 10.383, 25.417, 16.967, 12.0, 14.017, 15.317, 0.0]]}