{"SER_NUM": 5, "VEH_NUM": 3, "c_1": 7, "c_2": 0.08, "c_3": 550, "c_4": 1.2, "phi_0": 0.0002, "yita": 0.0004, "omega": 60, "Q": 5400, "Q_h": 45, "M": 444444, "N_s": ["4", "5", "6", "7", "8"], "N": ["0", "4", "5", "6", "7", "8"], "K": ["1", "2", "3"], "ser_node": [16, 21, 23, 28, 31, 47, 52, 66], "ser_class": ["HS", "HS", "HS", "GS", "GS", "GS", "CS", "CS"], "d_h_i": {"4": 0, "5": 0, "6": 0, "7": 0, "8": 0}, "p_h_i": {"4": 0, "5": 0, "6": 0, "7": 0, "8": 0}, "d_g_i": {"4": 228.0, "5": 159.0, "6": 230.0, "7": 226.0, "8": 235.0}, "p_g_i": {"4": 178.0, "5": 275.0, "6": 196.0, "7": 242.0, "8": 211.0}, "D_h": 0, "P_h": 0, "D_g": 1078.0, "P_g": 1102.0, "s_i": {"0": 0, "4": 3, "5": 2, "6": 11, "7": 16, "8": 4}, "a_i": {"4": 0, "5": 0, "6": 29.324699999999996, "7": 0, "8": 29.324699999999996}, "b_i": {"4": 263.92229999999995, "5": 263.92229999999995, "6": 293.24699999999996, "7": 263.92229999999995, "8": 293.24699999999996}, "delta_ij": [[0.0, 4.112, 10.943, 19.644, 7.911, 1.351, 17.249, 2.241, 3.869], [3.752, 0.0, 8.96, 16.308, 6.09, 4.652, 13.913, 1.826, 2.672], [9.956, 8.303, 0.0, 8.235, 3.151, 11.553, 17.282, 9.033, 7.7], [18.779, 16.31, 7.851, 0.0, 11.002, 20.31, 11.726, 17.673, 15.304], [7.062, 6.063, 3.289, 10.955, 0.0, 8.659, 17.313, 6.139, 4.806], [1.349, 4.656, 11.698, 20.334, 8.666, 0.0, 17.907, 3.008, 4.578], [16.402, 13.551, 16.851, 11.95, 17.32, 17.878, 0.0, 15.245, 14.982], [2.231, 1.639, 9.189, 17.473, 6.157, 3.1, 15.078, 0.0, 2.739], [2.981, 2.665, 7.858, 15.339, 4.826, 4.733, 15.022, 2.741, 0.0]], "t_ij": [[0.0, 12.05, 23.983, 32.583, 16.967, 4.567, 28.467, 9.85, 11.467], [11.2, 0.0, 19.417, 24.733, 14.25, 12.467, 20.6, 7.183, 9.1], [21.933, 19.033, 0.0, 14.583, 7.217, 24.75, 23.433, 20.9, 16.717], [29.55, 23.283, 11.283, 0.0, 17.167, 30.3, 14.85, 26.25, 24.733], [17.083, 15.533, 9.367, 19.8, 0.0, 20.15, 27.433, 15.367, 11.167], [4.05, 12.9, 24.867, 31.267, 18.533, 0.0, 26.2, 8.65, 12.633], [25.933, 18.833, 20.233, 15.617, 23.067, 25.55, 0.0, 22.183, 22.233], [7.85, 4.667, 19.767, 25.033, 14.067, 9.117, 20.217, 0.0, 10.033], [9.233, 8.317, 15.517, 24.2, 10.033, 13.25, 21.483, 8.517, 0.0]]}