{"SER_NUM": 8, "VEH_NUM": 3, "c_1": 7, "c_2": 0.08, "c_3": 550, "c_4": 1.2, "phi_0": 0.0002, "yita": 0.0004, "omega": 60, "Q": 5400, "Q_h": 45, "M": 444444, "N_s": ["1", "2", "3", "4", "5", "6", "7", "8"], "N": ["0", "1", "2", "3", "4", "5", "6", "7", "8"], "K": ["1", "2", "3"], "ser_node": [8, 15, 23, 30, 36, 39, 53, 72], "ser_class": ["HS", "HS", "HS", "GS", "GS", "GS", "CS", "CS"], "d_h_i": {"1": 4.0, "2": 3.0, "3": 5.0, "4": 0, "5": 0, "6": 0, "7": 4.0, "8": 3.0}, "p_h_i": {"1": 3.0, "2": 4.0, "3": 2.0, "4": 0, "5": 0, "6": 0, "7": 4.0, "8": 3.0}, "d_g_i": {"1": 0, "2": 0, "3": 0, "4": 230.0, "5": 224.0, "6": 278.0, "7": 185.0, "8": 288.0}, "p_g_i": {"1": 0, "2": 0, "3": 0, "4": 275.0, "5": 236.0, "6": 181.0, "7": 251.0, "8": 216.0}, "D_h": 19.0, "P_h": 16.0, "D_g": 1205.0, "P_g": 1159.0, "s_i": {"0": 0, "1": 0, "2": 5, "3": 5, "4": 12, "5": 7, "6": 11, "7": 13, "8": 11}, "a_i": {"1": 0, "2": 30.930300000000003, "3": 0, "4": 0, "5": 30.930300000000003, "6": 30.930300000000003, "7": 0, "8": 30.930300000000003}, "b_i": {"1": 278.3727, "2": 309.303, "3": 278.3727, "4": 278.3727, "5": 309.303, "6": 309.303, "7": 278.3727, "8": 309.303}, "delta_ij": [[0.0, 3.845, 0.825, 19.644, 13.282, 15.664, 4.176, 4.865, 5.719], [3.839, 0.0, 4.573, 21.274, 15.729, 17.266, 6.5, 7.581, 9.769], [0.825, 3.961, 0.0, 18.718, 12.578, 14.418, 3.349, 3.933, 4.743], [18.779, 21.25, 18.774, 0.0, 9.949, 4.041, 16.718, 14.07, 12.878], [13.401, 15.743, 12.576, 9.946, 0.0, 5.997, 9.636, 13.854, 11.952], [13.847, 17.4, 14.848, 3.949, 7.962, 0.0, 12.834, 10.22, 9.028], [4.824, 7.279, 3.999, 15.697, 9.23, 12.314, 0.0, 5.399, 3.497], [3.947, 7.5, 3.868, 14.519, 13.325, 10.511, 4.832, 0.0, 3.014], [4.824, 9.44, 4.894, 13.068, 11.483, 9.06, 3.861, 1.973, 0.0]], "t_ij": [[0.0, 8.85, 3.9, 32.583, 24.017, 26.833, 11.083, 13.3, 13.617], [10.033, 0.0, 11.867, 34.367, 25.05, 30.067, 14.0, 15.367, 18.617], [3.033, 9.75, 0.0, 29.917, 19.233, 25.25, 8.333, 12.2, 12.3], [29.55, 33.45, 28.217, 0.0, 17.85, 9.533, 22.817, 22.067, 20.667], [21.533, 23.367, 19.233, 16.367, 0.0, 10.433, 13.15, 20.783, 17.583], [27.017, 29.867, 24.933, 7.25, 10.483, 0.0, 18.783, 18.0, 16.383], [12.183, 14.1, 9.867, 22.933, 12.417, 17.583, 0.0, 11.467, 8.8], [11.65, 14.45, 11.667, 24.183, 21.717, 19.317, 12.35, 0.0, 7.967], [12.8, 17.317, 12.15, 20.117, 16.383, 15.433, 9.233, 7.433, 0.0]]}