{"SER_NUM": 5, "VEH_NUM": 3, "c_1": 7, "c_2": 0.08, "c_3": 550, "c_4": 1.2, "phi_0": 0.0002, "yita": 0.0004, "omega": 60, "Q": 5400, "Q_h": 45, "M": 444444, "N_s": ["4", "5", "6", "7", "8"], "N": ["0", "4", "5", "6", "7", "8"], "K": ["1", "2", "3"], "ser_node": [4, 12, 20, 41, 42, 46, 57, 62], "ser_class": ["HS", "HS", "HS", "GS", "GS", "GS", "CS", "CS"], "d_h_i": {"4": 0, "5": 0, "6": 0, "7": 0, "8": 0}, "p_h_i": {"4": 0, "5": 0, "6": 0, "7": 0, "8": 0}, "d_g_i": {"4": 187.0, "5": 222.0, "6": 259.0, "7": 250.0, "8": 263.0}, "p_g_i": {"4": 257.0, "5": 288.0, "6": 234.0, "7": 290.0, "8": 263.0}, "D_h": 0, "P_h": 0, "D_g": 1181.0, "P_g": 1332.0, "s_i": {"0": 0, "4": 5, "5": 6, "6": 4, "7": 20, "8": 20}, "a_i": {"4": 33.405300000000004, "5": 33.405300000000004, "6": 0, "7": 0, "8": 33.405300000000004}, "b_i": {"4": 334.053, "5": 334.053, "6": 300.6477, "7": 300.6477, "8": 334.053}, "delta_ij": [[0.0, 10.758, 21.917, 3.86, 1.194, 3.377, 3.204, 1.8, 4.135], [10.352, 0.0, 16.521, 8.177, 9.158, 8.569, 8.786, 12.529, 13.181], [20.679, 16.337, 0.0, 18.938, 19.485, 21.878, 19.547, 23.986, 23.942], [3.135, 7.927, 19.015, 0.0, 1.661, 0.915, 0.729, 4.57, 6.862], [1.194, 10.116, 20.723, 2.666, 0.0, 2.183, 2.01, 2.913, 4.372], [2.518, 8.876, 19.483, 1.399, 2.392, 0.0, 0.504, 4.345, 6.68], [2.383, 8.434, 19.522, 1.438, 2.376, 0.729, 0.0, 3.861, 6.196], [1.55, 12.279, 23.01, 4.934, 2.666, 3.655, 4.021, 0.0, 2.689], [3.266, 13.176, 24.037, 6.316, 4.375, 6.242, 6.608, 2.643, 0.0]], "t_ij": [[0.0, 26.95, 35.533, 10.467, 2.95, 10.217, 9.583, 7.2, 9.417], [25.95, 0.0, 23.95, 19.3, 22.333, 22.2, 20.333, 28.183, 28.067], [35.9, 23.067, 0.0, 30.367, 33.2, 29.017, 31.167, 33.5, 37.117], [10.05, 20.183, 30.017, 0.0, 8.117, 4.017, 2.25, 12.0, 15.033], [2.967, 21.417, 31.033, 7.4, 0.0, 7.4, 7.367, 8.9, 10.783], [8.3, 19.2, 28.85, 7.167, 9.667, 0.0, 2.35, 11.35, 14.117], [9.133, 20.833, 30.283, 7.533, 9.417, 3.317, 0.0, 10.183, 12.783], [4.65, 24.233, 31.933, 12.45, 7.6, 9.3, 10.117, 0.0, 7.0], [7.917, 25.1, 36.633, 14.6, 10.317, 13.833, 14.633, 7.133, 0.0]]}