{"SER_NUM": 5, "VEH_NUM": 3, "c_1": 7, "c_2": 0.08, "c_3": 550, "c_4": 1.2, "phi_0": 0.0002, "yita": 0.0004, "omega": 60, "Q": 5400, "Q_h": 45, "M": 444444, "N_s": ["4", "5", "6", "7", "8"], "N": ["0", "4", "5", "6", "7", "8"], "K": ["1", "2", "3"], "ser_node": [7, 14, 18, 25, 32, 38, 55, 68], "ser_class": ["HS", "HS", "HS", "GS", "GS", "GS", "CS", "CS"], "d_h_i": {"4": 0, "5": 0, "6": 0, "7": 0, "8": 0}, "p_h_i": {"4": 0, "5": 0, "6": 0, "7": 0, "8": 0}, "d_g_i": {"4": 198.0, "5": 248.0, "6": 250.0, "7": 273.0, "8": 234.0}, "p_g_i": {"4": 183.0, "5": 246.0, "6": 266.0, "7": 254.0, "8": 208.0}, "D_h": 0, "P_h": 0, "D_g": 1203.0, "P_g": 1157.0, "s_i": {"0": 0, "4": 5, "5": 3, "6": 12, "7": 1, "8": 8}, "a_i": {"4": 0, "5": 34.2603, "6": 34.2603, "7": 0, "8": 34.2603}, "b_i": {"4": 308.34270000000004, "5": 342.603, "6": 342.603, "7": 308.34270000000004, "8": 342.603}, "delta_ij": [[0.0, 9.753, 7.205, 13.461, 3.036, 1.756, 0.97, 13.733, 19.447], [8.908, 0.0, 8.177, 5.049, 6.95, 10.877, 10.895, 14.652, 19.253], [6.874, 8.179, 0.0, 7.326, 6.517, 8.202, 6.026, 7.55, 13.4], [12.867, 4.618, 7.588, 0.0, 9.707, 13.754, 13.61, 13.039, 16.456], [2.148, 7.162, 6.525, 9.471, 0.0, 3.816, 3.112, 13.058, 17.711], [1.756, 13.292, 8.148, 15.335, 6.666, 0.0, 5.185, 14.877, 20.779], [0.971, 9.866, 6.036, 13.366, 3.04, 2.259, 0.0, 12.765, 19.429], [13.731, 15.719, 7.629, 12.767, 13.038, 14.946, 12.77, 0.0, 6.806], [18.792, 18.193, 13.403, 16.16, 17.687, 21.574, 19.398, 6.861, 0.0]], "t_ij": [[0.0, 23.167, 16.7, 25.233, 8.933, 12.45, 3.683, 24.35, 32.95], [22.0, 0.0, 16.85, 12.133, 17.033, 24.483, 22.45, 24.917, 31.2], [15.167, 16.317, 0.0, 11.433, 15.5, 17.0, 11.983, 11.117, 19.283], [24.083, 11.767, 11.583, 0.0, 20.133, 28.317, 22.15, 17.133, 22.533], [7.617, 15.333, 15.183, 19.45, 0.0, 11.567, 8.95, 21.933, 28.267], [9.683, 23.133, 21.017, 27.7, 11.683, 0.0, 10.1, 28.183, 38.067], [3.367, 22.85, 12.467, 21.667, 9.133, 7.05, 0.0, 19.25, 28.833], [22.117, 22.633, 10.533, 15.767, 21.583, 23.167, 18.95, 0.0, 12.05], [28.417, 27.067, 17.983, 21.133, 26.05, 31.233, 27.25, 11.683, 0.0]]}