{"SER_NUM": 4, "VEH_NUM": 3, "c_1": 7, "c_2": 0.08, "c_3": 550, "c_4": 1.2, "phi_0": 0.0002, "yita": 0.0004, "omega": 60, "Q": 5400, "Q_h": 45, "M": 444444, "N_s": ["1", "2", "3", "4"], "N": ["0", "1", "2", "3", "4"], "K": ["1", "2", "3"], "ser_node": [3, 15, 21, 24, 31, 38, 43, 45], "ser_class": ["HS", "HS", "HS", "HS", "GS", "GS", "GS", "GS"], "d_h_i": {"1": 3.0, "2": 5.0, "3": 4.0, "4": 5.0}, "p_h_i": {"1": 6.0, "2": 3.0, "3": 4.0, "4": 3.0}, "d_g_i": {"1": 0, "2": 0, "3": 0, "4": 0}, "p_g_i": {"1": 0, "2": 0, "3": 0, "4": 0}, "D_h": 17.0, "P_h": 16.0, "D_g": 0, "P_g": 0, "s_i": {"0": 0, "1": 4, "2": 5, "3": 1, "4": 3}, "a_i": {"1": 27.1953, "2": 0, "3": 27.1953, "4": 0}, "b_i": {"1": 271.953, "2": 244.75769999999997, "3": 271.953, "4": 244.75769999999997}, "delta_ij": [[0.0, 1.456, 0.825, 10.943, 8.766, 1.351, 0.97, 0.946, 7.865], [1.831, 0.0, 1.006, 9.792, 7.615, 2.709, 1.921, 2.623, 9.449], [0.825, 0.631, 0.0, 10.011, 7.834, 2.075, 0.893, 1.184, 8.27], [9.956, 9.917, 9.877, 0.0, 2.47, 11.553, 10.92, 11.148, 18.205], [7.928, 7.889, 7.849, 2.644, 0.0, 9.525, 8.892, 9.12, 16.177], [1.349, 2.44, 2.064, 11.698, 9.521, 0.0, 0.868, 0.571, 7.171], [0.971, 1.59, 1.214, 11.056, 8.879, 0.871, 0.0, 0.562, 7.406], [0.946, 1.88, 1.184, 11.295, 9.118, 0.573, 0.561, 0.0, 7.087], [7.584, 8.853, 7.989, 18.223, 15.72, 7.051, 7.281, 6.965, 0.0]], "t_ij": [[0.0, 7.667, 3.9, 23.983, 18.483, 4.567, 3.683, 3.517, 13.85], [7.717, 0.0, 4.5, 23.833, 18.4, 8.35, 7.333, 8.0, 17.583], [3.033, 2.85, 0.0, 23.15, 17.5, 7.283, 3.633, 4.617, 14.6], [21.933, 22.417, 21.667, 0.0, 7.333, 24.75, 23.567, 23.567, 30.217], [19.233, 19.583, 18.817, 7.933, 0.0, 21.883, 20.483, 20.767, 27.667], [4.05, 7.783, 7.233, 24.867, 19.6, 0.0, 2.517, 3.55, 11.65], [3.367, 6.8, 4.717, 23.45, 18.767, 2.683, 0.0, 2.083, 11.167], [3.333, 6.833, 4.65, 23.017, 18.683, 3.117, 2.017, 0.0, 11.617], [12.567, 15.083, 14.317, 29.1, 25.117, 10.983, 11.433, 11.2, 0.0]]}