{"SER_NUM": 4, "VEH_NUM": 3, "c_1": 7, "c_2": 0.08, "c_3": 550, "c_4": 1.2, "phi_0": 0.0002, "yita": 0.0004, "omega": 60, "Q": 5400, "Q_h": 45, "M": 444444, "N_s": ["5", "6", "7", "8"], "N": ["0", "5", "6", "7", "8"], "K": ["1", "2", "3"], "ser_node": [12, 17, 22, 23, 25, 27, 29, 36], "ser_class": ["HS", "HS", "HS", "HS", "GS", "GS", "GS", "GS"], "d_h_i": {"5": 0, "6": 0, "7": 0, "8": 0}, "p_h_i": {"5": 0, "6": 0, "7": 0, "8": 0}, "d_g_i": {"5": 198.0, "6": 185.0, "7": 288.0, "8": 183.0}, "p_g_i": {"5": 159.0, "6": 235.0, "7": 222.0, "8": 229.0}, "D_h": 0, "P_h": 0, "D_g": 854.0, "P_g": 845.0, "s_i": {"0": 0, "5": 5, "6": 4, "7": 4, "8": 7}, "a_i": {"5": 0, "6": 37.800000000000004, "7": 37.800000000000004, "8": 0}, "b_i": {"5": 340.2, "6": 378.0, "7": 378.0, "8": 340.2}, "delta_ij": [[0.0, 21.917, 2.219, 3.377, 19.644, 3.036, 8.103, 17.941, 15.664], [20.679, 0.0, 21.979, 19.089, 11.212, 18.601, 30.289, 6.723, 7.55], [2.282, 24.031, 0.0, 7.699, 20.97, 3.542, 7.372, 22.834, 16.373], [3.676, 18.316, 5.67, 0.0, 16.181, 3.39, 11.416, 15.313, 12.151], [18.779, 12.347, 18.997, 16.141, 0.0, 15.619, 27.083, 17.162, 4.041], [2.148, 19.955, 4.162, 3.348, 15.654, 0.0, 10.673, 18.709, 11.646], [7.869, 29.488, 8.0, 11.338, 27.032, 10.23, 0.0, 24.577, 22.496], [18.022, 5.722, 20.134, 15.274, 14.844, 18.647, 24.622, 0.0, 10.895], [13.847, 7.793, 15.147, 12.257, 3.949, 11.769, 23.199, 10.818, 0.0]], "t_ij": [[0.0, 35.533, 7.683, 13.1, 32.583, 8.933, 14.217, 30.4, 26.833], [35.9, 0.0, 34.65, 28.183, 16.983, 30.217, 41.05, 13.183, 11.3], [8.533, 39.983, 0.0, 19.617, 35.2, 11.433, 11.55, 34.233, 30.167], [11.317, 28.817, 17.017, 0.0, 24.217, 9.867, 21.167, 22.1, 19.333], [29.55, 17.033, 30.883, 23.65, 0.0, 25.75, 37.867, 20.283, 9.533], [7.617, 31.95, 9.55, 9.883, 26.833, 0.0, 19.617, 28.917, 21.783], [13.4, 42.0, 13.483, 21.067, 39.617, 19.35, 0.0, 34.75, 34.033], [27.6, 10.117, 31.1, 21.683, 19.267, 28.75, 34.6, 0.0, 13.483], [27.017, 13.567, 26.783, 19.25, 7.25, 21.35, 34.683, 15.217, 0.0]]}