{"SER_NUM": 4, "VEH_NUM": 3, "c_1": 7, "c_2": 0.08, "c_3": 550, "c_4": 1.2, "phi_0": 0.0002, "yita": 0.0004, "omega": 60, "Q": 5400, "Q_h": 45, "M": 444444, "N_s": ["1", "2", "3", "4"], "N": ["0", "1", "2", "3", "4"], "K": ["1", "2", "3"], "ser_node": [3, 12, 15, 17, 25, 27, 35, 43], "ser_class": ["HS", "HS", "HS", "HS", "GS", "GS", "GS", "GS"], "d_h_i": {"1": 5.0, "2": 1.0, "3": 3.0, "4": 3.0}, "p_h_i": {"1": 3.0, "2": 4.0, "3": 3.0, "4": 3.0}, "d_g_i": {"1": 0, "2": 0, "3": 0, "4": 0}, "p_g_i": {"1": 0, "2": 0, "3": 0, "4": 0}, "D_h": 12.0, "P_h": 13.0, "D_g": 0, "P_g": 0, "s_i": {"0": 0, "1": 2, "2": 1, "3": 5, "4": 4}, "a_i": {"1": 37.800000000000004, "2": 0, "3": 0, "4": 37.800000000000004}, "b_i": {"1": 378.0, "2": 340.2, "3": 340.2, "4": 378.0}, "delta_ij": [[0.0, 1.456, 21.917, 0.825, 2.219, 3.036, 8.103, 2.612, 0.946], [1.831, 0.0, 21.683, 1.006, 5.199, 2.913, 9.687, 2.987, 2.623], [20.679, 22.592, 0.0, 22.797, 21.979, 18.601, 30.289, 18.898, 23.43], [0.825, 0.631, 20.941, 0.0, 3.058, 2.06, 8.508, 2.237, 1.184], [2.282, 3.751, 24.031, 3.12, 0.0, 3.542, 7.372, 3.172, 2.661], [2.148, 2.445, 19.955, 2.069, 4.162, 0.0, 10.673, 0.378, 3.013], [7.869, 9.138, 29.488, 8.274, 8.0, 10.23, 0.0, 9.86, 7.25], [2.367, 2.664, 19.036, 2.288, 3.745, 0.42, 9.939, 0.0, 3.232], [0.946, 1.88, 22.706, 1.184, 2.837, 3.313, 7.325, 2.964, 0.0]], "t_ij": [[0.0, 7.667, 35.533, 3.9, 7.683, 8.933, 14.217, 7.7, 3.517], [7.717, 0.0, 32.583, 4.5, 14.1, 9.467, 18.1, 10.633, 8.0], [35.9, 30.333, 0.0, 30.883, 34.65, 30.217, 41.05, 31.05, 31.617], [3.033, 2.85, 33.65, 0.0, 8.95, 7.767, 14.967, 8.55, 4.617], [8.533, 15.55, 39.983, 12.8, 0.0, 11.433, 11.55, 10.283, 9.75], [7.617, 9.383, 31.95, 7.317, 9.55, 0.0, 19.617, 1.717, 9.933], [13.4, 16.6, 42.0, 16.167, 13.483, 19.35, 0.0, 17.9, 12.233], [7.383, 8.1, 31.767, 7.267, 8.817, 0.917, 19.233, 0.0, 9.383], [3.333, 6.833, 33.9, 4.65, 8.2, 10.333, 12.0, 9.017, 0.0]]}