{"SER_NUM": 4, "VEH_NUM": 3, "c_1": 7, "c_2": 0.08, "c_3": 550, "c_4": 1.2, "phi_0": 0.0002, "yita": 0.0004, "omega": 60, "Q": 5400, "Q_h": 45, "M": 444444, "N_s": ["1", "2", "3", "4"], "N": ["0", "1", "2", "3", "4"], "K": ["1", "2", "3"], "ser_node": [10, 14, 15, 23, 30, 33, 37, 40], "ser_class": ["HS", "HS", "HS", "HS", "GS", "GS", "GS", "GS"], "d_h_i": {"1": 3.0, "2": 4.0, "3": 4.0, "4": 4.0}, "p_h_i": {"1": 3.0, "2": 4.0, "3": 4.0, "4": 4.0}, "d_g_i": {"1": 0, "2": 0, "3": 0, "4": 0}, "p_g_i": {"1": 0, "2": 0, "3": 0, "4": 0}, "D_h": 15.0, "P_h": 15.0, "D_g": 0, "P_g": 0, "s_i": {"0": 0, "1": 5, "2": 0, "3": 2, "4": 3}, "a_i": {"1": 0, "2": 29.324699999999996, "3": 29.324699999999996, "4": 0}, "b_i": {"1": 263.92229999999995, "2": 293.24699999999996, "3": 293.24699999999996, "4": 263.92229999999995}, "delta_ij": [[0.0, 1.426, 7.205, 0.825, 19.644, 13.282, 1.013, 8.713, 2.863], [1.823, 0.0, 7.224, 2.457, 16.708, 14.081, 2.879, 9.728, 1.796], [6.874, 7.246, 0.0, 6.049, 13.509, 7.282, 5.96, 2.592, 6.239], [0.825, 2.448, 6.179, 0.0, 18.718, 12.578, 0.422, 7.888, 1.887], [18.779, 18.403, 13.5, 18.774, 0.0, 9.949, 19.456, 11.079, 15.743], [13.401, 14.084, 7.299, 12.576, 9.946, 0.0, 12.374, 4.895, 13.077], [1.013, 2.856, 5.969, 0.422, 19.482, 12.368, 0.0, 7.678, 3.448], [9.226, 9.671, 2.804, 7.882, 11.077, 4.892, 7.68, 0.0, 8.783], [1.949, 1.796, 6.728, 1.87, 15.762, 13.419, 2.54, 9.136, 0.0]], "t_ij": [[0.0, 6.983, 16.7, 3.9, 32.583, 24.017, 4.1, 19.267, 9.117], [7.717, 0.0, 16.933, 7.4, 29.883, 24.35, 9.15, 19.95, 7.2], [15.167, 17.267, 0.0, 12.5, 18.733, 10.0, 12.817, 7.133, 13.633], [3.033, 8.883, 13.483, 0.0, 29.917, 19.233, 2.05, 15.367, 7.817], [29.55, 28.483, 17.3, 28.217, 0.0, 17.85, 28.65, 19.283, 25.4], [21.533, 25.4, 9.6, 19.233, 16.367, 0.0, 18.933, 7.35, 22.0], [3.5, 8.917, 12.983, 3.217, 30.167, 19.317, 0.0, 14.833, 9.567], [17.517, 20.533, 4.467, 15.333, 18.933, 7.367, 14.867, 0.0, 17.517], [8.817, 7.117, 14.717, 8.75, 26.567, 22.367, 10.2, 19.033, 0.0]]}