{"SER_NUM": 4, "VEH_NUM": 3, "c_1": 7, "c_2": 0.08, "c_3": 550, "c_4": 1.2, "phi_0": 0.0002, "yita": 0.0004, "omega": 60, "Q": 5400, "Q_h": 45, "M": 444444, "N_s": ["5", "6", "7", "8"], "N": ["0", "5", "6", "7", "8"], "K": ["1", "2", "3"], "ser_node": [18, 19, 22, 23, 27, 32, 33, 34], "ser_class": ["HS", "HS", "HS", "HS", "GS", "GS", "GS", "GS"], "d_h_i": {"5": 0, "6": 0, "7": 0, "8": 0}, "p_h_i": {"5": 0, "6": 0, "7": 0, "8": 0}, "d_g_i": {"5": 226.0, "6": 231.0, "7": 230.0, "8": 260.0}, "p_g_i": {"5": 198.0, "6": 208.0, "7": 237.0, "8": 177.0}, "D_h": 0, "P_h": 0, "D_g": 947.0, "P_g": 820.0, "s_i": {"0": 0, "5": 0, "6": 15, "7": 8, "8": 6}, "a_i": {"5": 37.800000000000004, "6": 0, "7": 0, "8": 37.800000000000004}, "b_i": {"5": 378.0, "6": 340.2, "7": 340.2, "8": 378.0}, "delta_ij": [[0.0, 13.461, 21.209, 3.377, 19.644, 8.103, 1.756, 1.013, 3.668], [12.867, 0.0, 16.623, 10.237, 6.206, 21.171, 13.754, 13.544, 11.88], [20.374, 16.34, 0.0, 17.681, 12.666, 28.846, 23.461, 21.219, 21.579], [3.676, 9.998, 17.658, 0.0, 16.181, 11.416, 5.012, 3.273, 6.585], [18.779, 6.406, 13.05, 16.141, 0.0, 27.083, 19.666, 19.456, 17.792], [7.869, 20.849, 28.83, 11.338, 27.032, 0.0, 6.657, 8.106, 9.535], [1.756, 15.335, 23.459, 5.034, 21.518, 6.734, 0.0, 2.349, 4.93], [1.013, 13.207, 21.28, 3.545, 19.482, 8.185, 2.349, 0.0, 4.593], [2.401, 11.691, 21.157, 5.208, 17.874, 8.12, 1.874, 3.737, 0.0]], "t_ij": [[0.0, 25.233, 36.7, 13.1, 32.583, 14.217, 12.45, 4.1, 9.45], [24.083, 0.0, 23.433, 16.65, 9.683, 32.45, 28.317, 22.633, 22.267], [35.05, 22.317, 0.0, 29.0, 18.45, 42.0, 36.567, 32.117, 33.45], [11.317, 17.133, 28.333, 0.0, 24.217, 21.167, 14.717, 10.45, 15.367], [29.55, 10.25, 18.083, 23.65, 0.0, 37.867, 32.633, 28.65, 28.317], [13.4, 32.617, 41.233, 21.067, 39.617, 0.0, 10.067, 14.75, 14.133], [9.683, 27.7, 39.783, 21.35, 34.25, 10.35, 0.0, 13.217, 8.417], [3.5, 22.283, 31.583, 10.05, 30.167, 13.933, 7.85, 0.0, 11.3], [7.1, 22.783, 34.917, 14.167, 30.25, 13.433, 6.867, 10.8, 0.0]]}